K,TotalPower,OnAxisPowerDensity,FluxDensity1,CentralConeFlux1,F1,wavelength1,photonEnergy1,FluxDensity3,CentralConeFlux3,F3,wavelength3,photonEnergy3,FluxDensity5,CentralConeFlux5,F5,wavelength5,photonEnergy5,FluxDensity7,CentralConeFlux7,F7,wavelength7,photonEnergy7,FluxDensity9,CentralConeFlux9,F9,wavelength9,photonEnergy9,FluxDensity11,CentralConeFlux11,F11,wavelength11,photonEnergy11,FluxDensity13,CentralConeFlux13,F13,wavelength13,photonEnergy13,FluxDensity15,CentralConeFlux15,F15,wavelength15,photonEnergy15,FluxDensity17,CentralConeFlux17,F17,wavelength17,photonEnergy17,FluxDensity19,CentralConeFlux19,F19,wavelength19,photonEnergy19
" 1.000000e+00"," 8.464396e+02"," 1.154261e+04"," 1.875633e+18"," 2.559755e+15"," 3.680633e-01"," 5.438391e-10"," 2.278247e+00"," 6.174746e+17"," 4.154420e+14"," 1.792073e-01"," 1.812738e-10"," 6.834963e+00"," 1.280488e+17"," 7.648292e+13"," 5.498682e-02"," 1.087643e-10"," 1.139160e+01"," 2.475674e+16"," 1.446582e+13"," 1.456012e-02"," 7.768879e-11"," 1.594825e+01"," 4.652394e+15"," 2.764483e+12"," 3.577507e-03"," 6.041405e-11"," 2.050848e+01"," 8.634082e+14"," 5.309943e+11"," 8.398594e-04"," 4.942939e-11"," 2.506606e+01"," 1.584007e+14"," 1.022854e+11"," 1.911971e-04"," 4.182469e-11"," 2.962365e+01"," 2.896483e+13"," 1.973847e+10"," 4.257247e-05"," 3.624793e-11"," 3.418126e+01"," 5.277004e+12"," 3.813543e+09"," 9.321840e-06"," 3.198338e-11"," 3.873888e+01"," 9.610432e+11"," 7.374011e+08"," 2.014566e-06"," 2.861664e-11"," 4.329648e+01"
" 1.007585e+00"," 8.593295e+02"," 1.163772e+04"," 1.881616e+18"," 2.580083e+15"," 3.691125e-01"," 5.465997e-10"," 2.266741e+00"," 6.310820e+17"," 4.263349e+14"," 1.829773e-01"," 1.821940e-10"," 6.800443e+00"," 1.332705e+17"," 7.995915e+13"," 5.719569e-02"," 1.093164e-10"," 1.133407e+01"," 2.627084e+16"," 1.540936e+13"," 1.543148e-02"," 7.808315e-11"," 1.586770e+01"," 5.028466e+15"," 3.000722e+12"," 3.863611e-03"," 6.072072e-11"," 2.040490e+01"," 9.512348e+14"," 5.873393e+11"," 9.242871e-04"," 4.968030e-11"," 2.493946e+01"," 1.779056e+14"," 1.152950e+11"," 2.144268e-04"," 4.203699e-11"," 2.947404e+01"," 3.314149e+13"," 2.267328e+10"," 4.865536e-05"," 3.643193e-11"," 3.400863e+01"," 6.148540e+12"," 4.464141e+09"," 1.085705e-05"," 3.214573e-11"," 3.854323e+01"," 1.142263e+12"," 8.796799e+08"," 2.391131e-06"," 2.876190e-11"," 4.307782e+01"
" 1.015191e+00"," 8.723510e+02"," 1.173299e+04"," 1.883334e+18"," 2.600299e+15"," 3.701163e-01"," 5.493885e-10"," 2.255235e+00"," 6.437750e+17"," 4.373736e+14"," 1.867621e-01"," 1.831236e-10"," 6.765923e+00"," 1.386785e+17"," 8.354877e+13"," 5.946002e-02"," 1.098741e-10"," 1.127654e+01"," 2.783975e+16"," 1.640218e+13"," 1.634235e-02"," 7.848154e-11"," 1.578715e+01"," 5.431914e+15"," 3.254022e+12"," 4.168482e-03"," 6.103052e-11"," 2.030132e+01"," 1.046911e+15"," 6.489013e+11"," 1.015983e-03"," 4.993377e-11"," 2.481287e+01"," 1.994187e+14"," 1.297792e+11"," 2.401394e-04"," 4.225147e-11"," 2.932442e+01"," 3.786515e+13"," 2.600282e+10"," 5.551709e-05"," 3.661781e-11"," 3.383600e+01"," 7.158847e+12"," 5.216271e+09"," 1.262188e-05"," 3.230974e-11"," 3.834757e+01"," 1.355381e+12"," 1.047288e+09"," 2.832271e-06"," 2.890865e-11"," 4.285915e+01"
" 1.022817e+00"," 8.855060e+02"," 1.182845e+04"," 1.889170e+18"," 2.620403e+15"," 3.710749e-01"," 5.522058e-10"," 2.243729e+00"," 6.575562e+17"," 4.485573e+14"," 1.905604e-01"," 1.840627e-10"," 6.731403e+00"," 1.441959e+17"," 8.725381e+13"," 6.178000e-02"," 1.104376e-10"," 1.121900e+01"," 2.949900e+16"," 1.744617e+13"," 1.729385e-02"," 7.888401e-11"," 1.570661e+01"," 5.864613e+15"," 3.525378e+12"," 4.493055e-03"," 6.134349e-11"," 2.019774e+01"," 1.147691e+15"," 7.160904e+11"," 1.115460e-03"," 5.018984e-11"," 2.468627e+01"," 2.232390e+14"," 1.458843e+11"," 2.685626e-04"," 4.246814e-11"," 2.917481e+01"," 4.311909e+13"," 2.977452e+10"," 6.324549e-05"," 3.680559e-11"," 3.366336e+01"," 8.316880e+12"," 6.084290e+09"," 1.464712e-05"," 3.247543e-11"," 3.815192e+01"," 1.599410e+12"," 1.244356e+09"," 3.348048e-06"," 2.905690e-11"," 4.264048e+01"
" 1.030464e+00"," 8.987967e+02"," 1.192410e+04"," 1.893378e+18"," 2.640396e+15"," 3.719886e-01"," 5.550523e-10"," 2.232222e+00"," 6.709753e+17"," 4.598854e+14"," 1.943710e-01"," 1.850115e-10"," 6.696883e+00"," 1.498476e+17"," 9.107629e+13"," 6.415580e-02"," 1.110069e-10"," 1.116147e+01"," 3.113583e+16"," 1.854324e+13"," 1.828708e-02"," 7.929062e-11"," 1.562606e+01"," 6.315166e+15"," 3.815827e+12"," 4.838290e-03"," 6.165970e-11"," 2.009416e+01"," 1.260020e+15"," 7.893429e+11"," 1.223261e-03"," 5.044855e-11"," 2.455967e+01"," 2.495727e+14"," 1.637690e+11"," 2.999408e-04"," 4.268705e-11"," 2.902520e+01"," 4.911595e+13"," 3.404079e+10"," 7.193687e-05"," 3.699531e-11"," 3.349073e+01"," 9.645453e+12"," 7.084367e+09"," 1.696722e-05"," 3.264283e-11"," 3.795627e+01"," 1.889764e+12"," 1.475623e+09"," 3.949932e-06"," 2.920668e-11"," 4.242181e+01"
" 1.038133e+00"," 9.122250e+02"," 1.201995e+04"," 1.898347e+18"," 2.660277e+15"," 3.728577e-01"," 5.579282e-10"," 2.220716e+00"," 6.840990e+17"," 4.713569e+14"," 1.981925e-01"," 1.859701e-10"," 6.662363e+00"," 1.554676e+17"," 9.501819e+13"," 6.658754e-02"," 1.115820e-10"," 1.110394e+01"," 3.292598e+16"," 1.969536e+13"," 1.932316e-02"," 7.970146e-11"," 1.554551e+01"," 6.800303e+15"," 4.126452e+12"," 5.205177e-03"," 6.197918e-11"," 1.999058e+01"," 1.381634e+15"," 8.691226e+11"," 1.339954e-03"," 5.070994e-11"," 2.443308e+01"," 2.786637e+14"," 1.836050e+11"," 3.345370e-04"," 4.290823e-11"," 2.887558e+01"," 5.581567e+13"," 3.885948e+10"," 8.169668e-05"," 3.718700e-11"," 3.331810e+01"," 1.114206e+13"," 8.234691e+09"," 1.962061e-05"," 3.281196e-11"," 3.776062e+01"," 2.229261e+12"," 1.746521e+09"," 4.650971e-06"," 2.935801e-11"," 4.220314e+01"
" 1.045825e+00"," 9.257933e+02"," 1.211603e+04"," 1.902112e+18"," 2.680047e+15"," 3.736823e-01"," 5.608341e-10"," 2.209210e+00"," 6.978717e+17"," 4.829709e+14"," 2.020237e-01"," 1.869387e-10"," 6.627843e+00"," 1.614293e+17"," 9.908151e+13"," 6.907530e-02"," 1.121632e-10"," 1.104640e+01"," 3.478894e+16"," 2.090452e+13"," 2.040321e-02"," 8.011657e-11"," 1.546497e+01"," 7.311957e+15"," 4.458378e+12"," 5.594735e-03"," 6.230199e-11"," 1.988701e+01"," 1.513712e+15"," 9.559218e+11"," 1.466139e-03"," 5.097406e-11"," 2.430648e+01"," 3.102996e+14"," 2.055785e+11"," 3.726328e-04"," 4.313171e-11"," 2.872597e+01"," 6.340067e+13"," 4.429435e+10"," 9.264026e-05"," 3.738068e-11"," 3.314547e+01"," 1.287622e+13"," 9.555683e+09"," 2.265014e-05"," 3.298286e-11"," 3.756497e+01"," 2.619054e+12"," 2.063263e+09"," 5.465983e-06"," 2.951091e-11"," 4.198447e+01"
" 1.053541e+00"," 9.395036e+02"," 1.221233e+04"," 1.906102e+18"," 2.699705e+15"," 3.744627e-01"," 5.637704e-10"," 2.197703e+00"," 7.119943e+17"," 4.947267e+14"," 2.058633e-01"," 1.879174e-10"," 6.593323e+00"," 1.674639e+17"," 1.032682e+14"," 7.161911e-02"," 1.127504e-10"," 1.098887e+01"," 3.671428e+16"," 2.217278e+13"," 2.152833e-02"," 8.053603e-11"," 1.538442e+01"," 7.870536e+15"," 4.812778e+12"," 6.008009e-03"," 6.262817e-11"," 1.978343e+01"," 1.655181e+15"," 1.050263e+12"," 1.602444e-03"," 5.124094e-11"," 2.417989e+01"," 3.454829e+14"," 2.298902e+11"," 4.145301e-04"," 4.335753e-11"," 2.857635e+01"," 7.186761e+13"," 5.041563e+10"," 1.048935e-04"," 3.757639e-11"," 3.297283e+01"," 1.485488e+13"," 1.107024e+10"," 2.610348e-05"," 3.315554e-11"," 3.736932e+01"," 3.076509e+12"," 2.432943e+09"," 6.411769e-06"," 2.966542e-11"," 4.176580e+01"
" 1.061280e+00"," 9.533583e+02"," 1.230887e+04"," 1.910363e+18"," 2.719251e+15"," 3.751992e-01"," 5.667376e-10"," 2.186197e+00"," 7.223353e+17"," 5.066233e+14"," 2.097099e-01"," 1.889064e-10"," 6.558803e+00"," 1.736508e+17"," 1.075803e+14"," 7.421899e-02"," 1.133439e-10"," 1.093134e+01"," 3.874503e+16"," 2.350220e+13"," 2.269964e-02"," 8.095990e-11"," 1.530387e+01"," 8.424213e+15"," 5.190869e+12"," 6.446071e-03"," 6.295780e-11"," 1.967985e+01"," 1.808140e+15"," 1.152699e+12"," 1.749529e-03"," 5.151063e-11"," 2.405329e+01"," 3.844270e+14"," 2.567571e+11"," 4.605517e-04"," 4.358573e-11"," 2.842674e+01"," 8.111108e+13"," 5.730050e+10"," 1.185938e-04"," 3.777416e-11"," 3.280020e+01"," 1.711484e+13"," 1.280401e+10"," 3.003361e-05"," 3.333004e-11"," 3.717367e+01"," 3.605938e+12"," 2.863651e+09"," 7.507341e-06"," 2.982155e-11"," 4.154713e+01"
" 1.069045e+00"," 9.673595e+02"," 1.240567e+04"," 1.915572e+18"," 2.738686e+15"," 3.758919e-01"," 5.697362e-10"," 2.174691e+00"," 7.357268e+17"," 5.186596e+14"," 2.135622e-01"," 1.899059e-10"," 6.524283e+00"," 1.797780e+17"," 1.120196e+14"," 7.687490e-02"," 1.139436e-10"," 1.087380e+01"," 4.081748e+16"," 2.489490e+13"," 2.391823e-02"," 8.138826e-11"," 1.522333e+01"," 9.037705e+15"," 5.593918e+12"," 6.910020e-03"," 6.329091e-11"," 1.957627e+01"," 1.974914e+15"," 1.263816e+12"," 1.908083e-03"," 5.178317e-11"," 2.392669e+01"," 4.270365e+14"," 2.864133e+11"," 5.110428e-04"," 4.381634e-11"," 2.827712e+01"," 9.167508e+13"," 6.503372e+10"," 1.338908e-04"," 3.797402e-11"," 3.262757e+01"," 1.965568e+13"," 1.478566e+10"," 3.449930e-05"," 3.350639e-11"," 3.697802e+01"," 4.224631e+12"," 3.364590e+09"," 8.774178e-06"," 2.997934e-11"," 4.132846e+01"
" 1.076835e+00"," 9.815097e+02"," 1.250273e+04"," 1.920886e+18"," 2.758010e+15"," 3.765412e-01"," 5.727667e-10"," 2.163184e+00"," 7.498336e+17"," 5.308347e+14"," 2.174189e-01"," 1.909161e-10"," 6.489763e+00"," 1.863379e+17"," 1.165880e+14"," 7.958674e-02"," 1.145496e-10"," 1.081627e+01"," 4.301520e+16"," 2.635303e+13"," 2.518520e-02"," 8.180716e-11"," 1.514537e+01"," 9.684817e+15"," 6.023239e+12"," 7.400982e-03"," 6.362756e-11"," 1.947269e+01"," 2.149818e+15"," 1.384234e+12"," 2.078831e-03"," 5.205861e-11"," 2.380010e+01"," 4.737046e+14"," 3.191108e+11"," 5.663718e-04"," 4.404940e-11"," 2.812751e+01"," 1.034665e+14"," 7.370828e+10"," 1.509469e-04"," 3.817601e-11"," 3.245494e+01"," 2.258780e+13"," 1.704718e+10"," 3.956564e-05"," 3.368462e-11"," 3.678237e+01"," 4.920952e+12"," 3.946222e+09"," 1.023651e-05"," 3.013880e-11"," 4.110979e+01"
" 1.084652e+00"," 9.958113e+02"," 1.260006e+04"," 1.921920e+18"," 2.777222e+15"," 3.771473e-01"," 5.758296e-10"," 2.151678e+00"," 7.627704e+17"," 5.431475e+14"," 2.212787e-01"," 1.919370e-10"," 6.455243e+00"," 1.929283e+17"," 1.212876e+14"," 8.235440e-02"," 1.151622e-10"," 1.075874e+01"," 4.530903e+16"," 2.787878e+13"," 2.650162e-02"," 8.224463e-11"," 1.506481e+01"," 1.037323e+16"," 6.480196e+12"," 7.920109e-03"," 6.396781e-11"," 1.936912e+01"," 2.342038e+15"," 1.514609e+12"," 2.262527e-03"," 5.233700e-11"," 2.367350e+01"," 5.232554e+14"," 3.551207e+11"," 6.269312e-04"," 4.428496e-11"," 2.797789e+01"," 1.166541e+14"," 8.342600e+10"," 1.699391e-04"," 3.838016e-11"," 3.228230e+01"," 2.588208e+13"," 1.962425e+10"," 4.530461e-05"," 3.386475e-11"," 3.658672e+01"," 5.738823e+12"," 4.620414e+09"," 1.192161e-05"," 3.029997e-11"," 4.089112e+01"
" 1.092496e+00"," 1.010267e+03"," 1.269769e+04"," 1.925074e+18"," 2.796322e+15"," 3.777105e-01"," 5.789255e-10"," 2.140172e+00"," 7.764024e+17"," 5.555970e+14"," 2.251402e-01"," 1.929689e-10"," 6.420723e+00"," 1.996994e+17"," 1.261200e+14"," 8.517770e-02"," 1.157814e-10"," 1.070120e+01"," 4.765619e+16"," 2.947438e+13"," 2.786856e-02"," 8.268681e-11"," 1.498425e+01"," 1.109811e+16"," 6.966202e+12"," 8.468577e-03"," 6.431173e-11"," 1.926554e+01"," 2.549053e+15"," 1.655632e+12"," 2.459961e-03"," 5.261838e-11"," 2.354690e+01"," 5.795654e+14"," 3.947347e+11"," 6.931392e-04"," 4.452305e-11"," 2.782828e+01"," 1.313824e+14"," 9.429829e+10"," 1.910588e-04"," 3.858651e-11"," 3.210967e+01"," 2.963668e+13"," 2.255659e+10"," 5.179575e-05"," 3.404682e-11"," 3.639107e+01"," 6.678939e+12"," 5.400608e+09"," 1.386016e-05"," 3.046288e-11"," 4.067246e+01"
" 1.100368e+00"," 1.024878e+03"," 1.279561e+04"," 1.927813e+18"," 2.815311e+15"," 3.782309e-01"," 5.820548e-10"," 2.128666e+00"," 7.904807e+17"," 5.681819e+14"," 2.290020e-01"," 1.940120e-10"," 6.386203e+00"," 2.059775e+17"," 1.310873e+14"," 8.805644e-02"," 1.164072e-10"," 1.064367e+01"," 5.013222e+16"," 3.114207e+13"," 2.928709e-02"," 8.313376e-11"," 1.490369e+01"," 1.187283e+16"," 7.482722e+12"," 9.047586e-03"," 6.465936e-11"," 1.916196e+01"," 2.769388e+15"," 1.808032e+12"," 2.671957e-03"," 5.290281e-11"," 2.342031e+01"," 6.404506e+14"," 4.382658e+11"," 7.654407e-04"," 4.476372e-11"," 2.767867e+01"," 1.473953e+14"," 1.064469e+11"," 2.145137e-04"," 3.879508e-11"," 3.193704e+01"," 3.378815e+13"," 2.588835e+10"," 5.912674e-05"," 3.423086e-11"," 3.619541e+01"," 7.767469e+12"," 6.302008e+09"," 1.608656e-05"," 3.062754e-11"," 4.045379e+01"
" 1.108269e+00"," 1.039649e+03"," 1.289384e+04"," 1.936820e+18"," 2.834188e+15"," 3.787089e-01"," 5.852181e-10"," 2.117159e+00"," 8.039752e+17"," 5.809013e+14"," 2.328629e-01"," 1.950664e-10"," 6.351682e+00"," 2.130406e+17"," 1.361911e+14"," 9.099035e-02"," 1.170399e-10"," 1.058614e+01"," 5.276949e+16"," 3.288416e+13"," 3.075824e-02"," 8.358558e-11"," 1.482313e+01"," 1.268634e+16"," 8.031271e+12"," 9.658363e-03"," 6.501077e-11"," 1.905838e+01"," 3.010831e+15"," 1.972580e+12"," 2.899373e-03"," 5.319032e-11"," 2.329371e+01"," 7.070177e+14"," 4.860500e+11"," 8.443082e-04"," 4.500700e-11"," 2.752905e+01"," 1.655306e+14"," 1.200047e+11"," 2.405284e-04"," 3.900592e-11"," 3.176441e+01"," 3.857481e+13"," 2.966857e+10"," 6.739415e-05"," 3.441689e-11"," 3.599976e+01"," 9.002466e+12"," 7.341781e+09"," 1.863939e-05"," 3.079400e-11"," 4.023512e+01"
" 1.116200e+00"," 1.054580e+03"," 1.299240e+04"," 1.937560e+18"," 2.852954e+15"," 3.791446e-01"," 5.884161e-10"," 2.105653e+00"," 8.174736e+17"," 5.937537e+14"," 2.367215e-01"," 1.961324e-10"," 6.317162e+00"," 2.202315e+17"," 1.414332e+14"," 9.397914e-02"," 1.176794e-10"," 1.052860e+01"," 5.523908e+16"," 3.470296e+13"," 3.228305e-02"," 8.404233e-11"," 1.474257e+01"," 1.354274e+16"," 8.613418e+12"," 1.030215e-02"," 6.536602e-11"," 1.895480e+01"," 3.266957e+15"," 2.150086e+12"," 3.143103e-03"," 5.348098e-11"," 2.316712e+01"," 7.805860e+14"," 5.384472e+11"," 9.302431e-04"," 4.525294e-11"," 2.737944e+01"," 1.855838e+14"," 1.351166e+11"," 2.693457e-04"," 3.921907e-11"," 3.159177e+01"," 4.396277e+13"," 3.395159e+10"," 7.670417e-05"," 3.460496e-11"," 3.580411e+01"," 1.042941e+13"," 8.539287e+09"," 2.156181e-05"," 3.096227e-11"," 4.001645e+01"
" 1.124160e+00"," 1.069676e+03"," 1.309129e+04"," 1.940854e+18"," 2.871609e+15"," 3.795383e-01"," 5.916491e-10"," 2.094147e+00"," 8.315884e+17"," 6.067382e+14"," 2.405763e-01"," 1.972100e-10"," 6.282642e+00"," 2.274450e+17"," 1.468155e+14"," 9.702246e-02"," 1.183260e-10"," 1.047107e+01"," 5.798994e+16"," 3.660083e+13"," 3.386252e-02"," 8.450410e-11"," 1.466201e+01"," 1.442581e+16"," 9.230785e+12"," 1.098023e-02"," 6.572517e-11"," 1.885122e+01"," 3.531676e+15"," 2.341403e+12"," 3.404075e-03"," 5.377483e-11"," 2.304052e+01"," 8.598437e+14"," 5.958429e+11"," 1.023777e-03"," 4.550158e-11"," 2.722982e+01"," 2.079530e+14"," 1.519403e+11"," 3.012275e-04"," 3.943456e-11"," 3.141914e+01"," 5.003095e+13"," 3.879760e+10"," 8.717343e-05"," 3.479510e-11"," 3.560846e+01"," 1.205503e+13"," 9.916321e+09"," 2.490201e-05"," 3.113239e-11"," 3.979778e+01"
" 1.132152e+00"," 1.084939e+03"," 1.319052e+04"," 1.943319e+18"," 2.890152e+15"," 3.798903e-01"," 5.949179e-10"," 2.082640e+00"," 8.446178e+17"," 6.198532e+14"," 2.444261e-01"," 1.982996e-10"," 6.248122e+00"," 2.347829e+17"," 1.523397e+14"," 1.001199e-01"," 1.189797e-10"," 1.041354e+01"," 6.083238e+16"," 3.858016e+13"," 3.549765e-02"," 8.497097e-11"," 1.458145e+01"," 1.537407e+16"," 9.885045e+12"," 1.169388e-02"," 6.608830e-11"," 1.874765e+01"," 3.824798e+15"," 2.547428e+12"," 3.683257e-03"," 5.407193e-11"," 2.291392e+01"," 9.449205e+14"," 6.586494e+11"," 1.125473e-03"," 4.575297e-11"," 2.708021e+01"," 2.318095e+14"," 1.706474e+11"," 3.364561e-04"," 3.965243e-11"," 3.124651e+01"," 5.687713e+13"," 4.427318e+10"," 9.892980e-05"," 3.498734e-11"," 3.541281e+01"," 1.393251e+13"," 1.149739e+10"," 2.871377e-05"," 3.130439e-11"," 3.957911e+01"
" 1.140175e+00"," 1.100371e+03"," 1.329011e+04"," 1.945971e+18"," 2.908584e+15"," 3.802008e-01"," 5.982230e-10"," 2.071134e+00"," 8.588015e+17"," 6.330976e+14"," 2.482695e-01"," 1.994012e-10"," 6.213602e+00"," 2.423492e+17"," 1.580073e+14"," 1.032711e-01"," 1.196407e-10"," 1.035600e+01"," 6.376302e+16"," 4.064336e+13"," 3.718939e-02"," 8.544303e-11"," 1.450089e+01"," 1.637137e+16"," 1.057793e+13"," 1.244442e-02"," 6.645545e-11"," 1.864407e+01"," 4.138300e+15"," 2.769102e+12"," 3.981650e-03"," 5.437233e-11"," 2.278733e+01"," 1.039433e+15"," 7.273073e+11"," 1.235927e-03"," 4.600715e-11"," 2.693059e+01"," 2.590457e+14"," 1.914243e+11"," 3.753356e-04"," 3.987272e-11"," 3.107387e+01"," 6.445516e+13"," 5.045184e+10"," 1.121134e-04"," 3.518171e-11"," 3.521716e+01"," 1.602296e+13"," 1.331000e+10"," 3.305696e-05"," 3.147831e-11"," 3.936044e+01"
" 1.148232e+00"," 1.115976e+03"," 1.339007e+04"," 1.947834e+18"," 2.926905e+15"," 3.804701e-01"," 6.015650e-10"," 2.059628e+00"," 8.730044e+17"," 6.464701e+14"," 2.521051e-01"," 2.005152e-10"," 6.179082e+00"," 2.501319e+17"," 1.638202e+14"," 1.064754e-01"," 1.203091e-10"," 1.029847e+01"," 6.685968e+16"," 4.279288e+13"," 3.893870e-02"," 8.592037e-11"," 1.442033e+01"," 1.742601e+16"," 1.131122e+13"," 1.323317e-02"," 6.682671e-11"," 1.854049e+01"," 4.474237e+15"," 3.007416e+12"," 4.300294e-03"," 5.467608e-11"," 2.266073e+01"," 1.141423e+15"," 8.022868e+11"," 1.355767e-03"," 4.626418e-11"," 2.678098e+01"," 2.889262e+14"," 2.144734e+11"," 4.181928e-04"," 4.009548e-11"," 3.090124e+01"," 7.307929e+13"," 5.741467e+10"," 1.268772e-04"," 3.537826e-11"," 3.502151e+01"," 1.844231e+13"," 1.538498e+10"," 3.799816e-05"," 3.165416e-11"," 3.914177e+01"
" 1.156321e+00"," 1.131756e+03"," 1.349041e+04"," 1.940483e+18"," 2.945114e+15"," 3.806983e-01"," 6.049446e-10"," 2.048121e+00"," 8.845417e+17"," 6.599691e+14"," 2.559315e-01"," 2.016417e-10"," 6.144562e+00"," 2.574661e+17"," 1.697799e+14"," 1.097325e-01"," 1.209850e-10"," 1.024094e+01"," 6.990230e+16"," 4.503119e+13"," 4.074650e-02"," 8.640307e-11"," 1.433977e+01"," 1.851667e+16"," 1.208675e+13"," 1.406148e-02"," 6.720214e-11"," 1.843691e+01"," 4.832355e+15"," 3.263407e+12"," 4.640266e-03"," 5.498325e-11"," 2.253413e+01"," 1.251154e+15"," 8.840896e+11"," 1.485657e-03"," 4.652409e-11"," 2.663137e+01"," 3.218771e+14"," 2.400139e+11"," 4.653787e-04"," 4.032073e-11"," 3.072861e+01"," 8.265192e+13"," 6.525103e+10"," 1.433888e-04"," 3.557701e-11"," 3.482586e+01"," 2.118892e+13"," 1.775688e+10"," 4.361131e-05"," 3.183199e-11"," 3.892310e+01"
" 1.164445e+00"," 1.147715e+03"," 1.359114e+04"," 1.942150e+18"," 2.963212e+15"," 3.808859e-01"," 6.083624e-10"," 2.036615e+00"," 8.979618e+17"," 6.735935e+14"," 2.597474e-01"," 2.027809e-10"," 6.110042e+00"," 2.653094e+17"," 1.758880e+14"," 1.130416e-01"," 1.216686e-10"," 1.018340e+01"," 7.316820e+16"," 4.736078e+13"," 4.261368e-02"," 8.689122e-11"," 1.425921e+01"," 1.968405e+16"," 1.290643e+13"," 1.493072e-02"," 6.758182e-11"," 1.833333e+01"," 5.214412e+15"," 3.538163e+12"," 5.002680e-03"," 5.529389e-11"," 2.240754e+01"," 1.371924e+15"," 9.732502e+11"," 1.626298e-03"," 4.678694e-11"," 2.648175e+01"," 3.582425e+14"," 2.682834e+11"," 5.172699e-04"," 4.054853e-11"," 3.055598e+01"," 9.340331e+13"," 7.405921e+10"," 1.618304e-04"," 3.577801e-11"," 3.463021e+01"," 2.433316e+13"," 2.046428e+10"," 4.997839e-05"," 3.201184e-11"," 3.870443e+01"
" 1.172604e+00"," 1.163854e+03"," 1.369228e+04"," 1.943559e+18"," 2.981198e+15"," 3.810329e-01"," 6.118190e-10"," 2.025109e+00"," 9.122221e+17"," 6.873416e+14"," 2.635515e-01"," 2.039331e-10"," 6.075522e+00"," 2.735830e+17"," 1.821461e+14"," 1.164023e-01"," 1.223598e-10"," 1.012587e+01"," 7.650981e+16"," 4.978417e+13"," 4.454109e-02"," 8.738492e-11"," 1.417865e+01"," 2.090853e+16"," 1.377220e+13"," 1.584226e-02"," 6.796580e-11"," 1.822976e+01"," 5.626890e+15"," 3.832823e+12"," 5.388687e-03"," 5.560806e-11"," 2.228094e+01"," 1.498072e+15"," 1.070338e+12"," 1.778426e-03"," 4.705277e-11"," 2.633214e+01"," 3.977220e+14"," 2.995388e+11"," 5.742697e-04"," 4.077892e-11"," 3.038334e+01"," 1.052069e+14"," 8.394727e+10"," 1.824009e-04"," 3.598130e-11"," 3.443456e+01"," 2.785235e+13"," 2.355027e+10"," 5.719013e-05"," 3.219372e-11"," 3.848576e+01"
" 1.180799e+00"," 1.180179e+03"," 1.379383e+04"," 1.944994e+18"," 2.999074e+15"," 3.811396e-01"," 6.153151e-10"," 2.013603e+00"," 9.253866e+17"," 7.012120e+14"," 2.673422e-01"," 2.050984e-10"," 6.041002e+00"," 2.817104e+17"," 1.885557e+14"," 1.198137e-01"," 1.230590e-10"," 1.006834e+01"," 8.007018e+16"," 5.230391e+13"," 4.652959e-02"," 8.788426e-11"," 1.409809e+01"," 2.219245e+16"," 1.468606e+13"," 1.679750e-02"," 6.835418e-11"," 1.812618e+01"," 6.052863e+15"," 4.148578e+12"," 5.799478e-03"," 5.592582e-11"," 2.215435e+01"," 1.638271e+15"," 1.175957e+12"," 1.942817e-03"," 4.732164e-11"," 2.618252e+01"," 4.415356e+14"," 3.340578e+11"," 6.368099e-04"," 4.101194e-11"," 3.021071e+01"," 1.185852e+14"," 9.503381e+10"," 2.053166e-04"," 3.618690e-11"," 3.423891e+01"," 3.186166e+13"," 2.706290e+10"," 6.534687e-05"," 3.237769e-11"," 3.826710e+01"
" 1.189030e+00"," 1.196690e+03"," 1.389581e+04"," 1.944152e+18"," 3.016838e+15"," 3.812063e-01"," 6.188514e-10"," 2.002096e+00"," 9.388304e+17"," 7.152033e+14"," 2.711183e-01"," 2.062771e-10"," 6.006482e+00"," 2.900530e+17"," 1.951182e+14"," 1.232753e-01"," 1.237451e-10"," 1.001252e+01"," 8.364608e+16"," 5.492257e+13"," 4.857995e-02"," 8.838934e-11"," 1.401753e+01"," 2.347491e+16"," 1.565008e+13"," 1.779784e-02"," 6.874702e-11"," 1.802260e+01"," 6.518609e+15"," 4.486676e+12"," 6.236279e-03"," 5.624724e-11"," 2.202775e+01"," 1.790561e+15"," 1.290752e+12"," 2.120285e-03"," 4.759361e-11"," 2.603291e+01"," 4.895079e+14"," 3.721400e+11"," 7.053519e-04"," 4.124764e-11"," 3.003808e+01"," 1.334612e+14"," 1.074489e+11"," 2.308123e-04"," 3.639488e-11"," 3.404325e+01"," 3.642209e+13"," 3.105565e+10"," 7.455939e-05"," 3.256376e-11"," 3.804843e+01"
" 1.197299e+00"," 1.213393e+03"," 1.399824e+04"," 1.945808e+18"," 3.034491e+15"," 3.812333e-01"," 6.223214e-10"," 1.990933e+00"," 9.523963e+17"," 7.293138e+14"," 2.748784e-01"," 2.074695e-10"," 5.971962e+00"," 2.983801e+17"," 2.018351e+14"," 1.267861e-01"," 1.244604e-10"," 9.954976e+00"," 8.722743e+16"," 5.764273e+13"," 5.069295e-02"," 8.890027e-11"," 1.393697e+01"," 2.488764e+16"," 1.666638e+13"," 1.884468e-02"," 6.914440e-11"," 1.791902e+01"," 7.008966e+15"," 4.848418e+12"," 6.700354e-03"," 5.657236e-11"," 2.190115e+01"," 1.952864e+15"," 1.415405e+12"," 2.311687e-03"," 4.786872e-11"," 2.588329e+01"," 5.422409e+14"," 4.141088e+11"," 7.803883e-04"," 4.148607e-11"," 2.986545e+01"," 1.501208e+14"," 1.213348e+11"," 2.591429e-04"," 3.660525e-11"," 3.384760e+01"," 4.144937e+13"," 3.558800e+10"," 8.494977e-05"," 3.275199e-11"," 3.782976e+01"
" 1.205607e+00"," 1.230290e+03"," 1.410111e+04"," 1.945612e+18"," 3.052033e+15"," 3.812207e-01"," 6.259395e-10"," 1.979424e+00"," 9.644380e+17"," 7.435420e+14"," 2.786212e-01"," 2.086757e-10"," 5.937442e+00"," 3.072969e+17"," 2.087078e+14"," 1.303455e-01"," 1.251840e-10"," 9.897433e+00"," 9.100881e+16"," 6.046700e+13"," 5.286933e-02"," 8.941713e-11"," 1.385641e+01"," 2.634180e+16"," 1.773713e+13"," 1.993946e-02"," 6.954640e-11"," 1.781544e+01"," 7.524947e+15"," 5.235164e+12"," 7.193005e-03"," 5.690127e-11"," 2.177456e+01"," 2.129671e+15"," 1.550640e+12"," 2.517919e-03"," 4.814702e-11"," 2.573368e+01"," 6.006205e+14"," 4.603123e+11"," 8.624446e-04"," 4.172727e-11"," 2.969281e+01"," 1.683486e+14"," 1.368475e+11"," 2.905849e-04"," 3.681807e-11"," 3.365195e+01"," 4.725327e+13"," 4.072602e+10"," 9.665246e-05"," 3.294241e-11"," 3.761109e+01"
" 1.213954e+00"," 1.247385e+03"," 1.420444e+04"," 1.947947e+18"," 3.069463e+15"," 3.811689e-01"," 6.296000e-10"," 1.967916e+00"," 9.778027e+17"," 7.578864e+14"," 2.823452e-01"," 2.098960e-10"," 5.902922e+00"," 3.150422e+17"," 2.157376e+14"," 1.339525e-01"," 1.259160e-10"," 9.839889e+00"," 9.494817e+16"," 6.339799e+13"," 5.510976e-02"," 8.994004e-11"," 1.377585e+01"," 2.788853e+16"," 1.886458e+13"," 2.108359e-02"," 6.995311e-11"," 1.771187e+01"," 8.084840e+15"," 5.648334e+12"," 7.715571e-03"," 5.723403e-11"," 2.164796e+01"," 2.321255e+15"," 1.697225e+12"," 2.739920e-03"," 4.842858e-11"," 2.558406e+01"," 6.620293e+14"," 5.111252e+11"," 9.520804e-04"," 4.197129e-11"," 2.952018e+01"," 1.889187e+14"," 1.541570e+11"," 3.254371e-04"," 3.703338e-11"," 3.345630e+01"," 5.375908e+13"," 4.654296e+10"," 1.098152e-04"," 3.313506e-11"," 3.739242e+01"
" 1.222341e+00"," 1.264680e+03"," 1.430826e+04"," 1.948645e+18"," 3.086783e+15"," 3.810781e-01"," 6.333035e-10"," 1.956408e+00"," 9.912019e+17"," 7.723452e+14"," 2.860491e-01"," 2.111307e-10"," 5.868402e+00"," 3.239460e+17"," 2.229258e+14"," 1.376062e-01"," 1.266567e-10"," 9.782346e+00"," 9.905452e+16"," 6.643834e+13"," 5.741490e-02"," 9.046909e-11"," 1.369528e+01"," 2.946428e+16"," 2.005100e+13"," 2.227852e-02"," 7.036460e-11"," 1.760829e+01"," 8.674573e+15"," 6.089405e+12"," 8.269426e-03"," 5.757070e-11"," 2.152136e+01"," 2.523132e+15"," 1.855973e+12"," 2.978673e-03"," 4.871346e-11"," 2.543445e+01"," 7.312394e+14"," 5.669505e+11"," 1.049891e-03"," 4.221818e-11"," 2.934755e+01"," 2.115162e+14"," 1.734491e+11"," 3.640229e-04"," 3.725123e-11"," 3.326065e+01"," 6.109970e+13"," 5.311997e+10"," 1.246004e-04"," 3.332997e-11"," 3.717375e+01"
" 1.230769e+00"," 1.282181e+03"," 1.441256e+04"," 1.943921e+18"," 3.103992e+15"," 3.809484e-01"," 6.370509e-10"," 1.944900e+00"," 1.004487e+18"," 7.869168e+14"," 2.897315e-01"," 2.123800e-10"," 5.833882e+00"," 3.327613e+17"," 2.302737e+14"," 1.413058e-01"," 1.274062e-10"," 9.724803e+00"," 1.032339e+17"," 6.959070e+13"," 5.978536e-02"," 9.100441e-11"," 1.361472e+01"," 3.115237e+16"," 2.129874e+13"," 2.352567e-02"," 7.078096e-11"," 1.750471e+01"," 9.270787e+15"," 6.559918e+12"," 8.855982e-03"," 5.791136e-11"," 2.139477e+01"," 2.743534e+15"," 2.027743e+12"," 3.235206e-03"," 4.900170e-11"," 2.528484e+01"," 8.064574e+14"," 6.282207e+11"," 1.156509e-03"," 4.246799e-11"," 2.917492e+01"," 2.367106e+14"," 1.949263e+11"," 4.066914e-04"," 3.747165e-11"," 3.306500e+01"," 6.923110e+13"," 6.054684e+10"," 1.411857e-04"," 3.352719e-11"," 3.695508e+01"
" 1.239239e+00"," 1.299889e+03"," 1.451736e+04"," 1.943696e+18"," 3.121089e+15"," 3.807802e-01"," 6.408429e-10"," 1.933391e+00"," 1.017551e+18"," 8.015995e+14"," 2.933911e-01"," 2.136442e-10"," 5.799362e+00"," 3.415985e+17"," 2.377824e+14"," 1.450501e-01"," 1.281646e-10"," 9.667260e+00"," 1.074413e+17"," 7.285774e+13"," 6.222171e-02"," 9.154611e-11"," 1.353416e+01"," 3.289700e+16"," 2.261021e+13"," 2.482649e-02"," 7.120227e-11"," 1.740113e+01"," 9.931026e+15"," 7.061477e+12"," 9.476685e-03"," 5.825607e-11"," 2.126817e+01"," 2.982586e+15"," 2.213445e+12"," 3.510592e-03"," 4.929338e-11"," 2.513522e+01"," 8.883459e+14"," 6.954002e+11"," 1.272607e-03"," 4.272077e-11"," 2.900228e+01"," 2.637458e+14"," 2.188091e+11"," 4.538187e-04"," 3.769469e-11"," 3.286935e+01"," 7.852011e+13"," 6.892276e+10"," 1.597660e-04"," 3.372676e-11"," 3.673641e+01"
" 1.247752e+00"," 1.317810e+03"," 1.462268e+04"," 1.942221e+18"," 3.138076e+15"," 3.805738e-01"," 6.446802e-10"," 1.921883e+00"," 1.030842e+18"," 8.163916e+14"," 2.970265e-01"," 2.149235e-10"," 5.764842e+00"," 3.509558e+17"," 2.454532e+14"," 1.488381e-01"," 1.289320e-10"," 9.609717e+00"," 1.119155e+17"," 7.624212e+13"," 6.472445e-02"," 9.209429e-11"," 1.345360e+01"," 3.474771e+16"," 2.398787e+13"," 2.618240e-02"," 7.162863e-11"," 1.729755e+01"," 1.063659e+16"," 7.595749e+12"," 1.013301e-02"," 5.860490e-11"," 2.114158e+01"," 3.234157e+15"," 2.414039e+12"," 3.805950e-03"," 4.958855e-11"," 2.498561e+01"," 9.786472e+14"," 7.689867e+11"," 1.398896e-03"," 4.297659e-11"," 2.882965e+01"," 2.944483e+14"," 2.453372e+11"," 5.058104e-04"," 3.792041e-11"," 3.267370e+01"," 8.887403e+13"," 7.835722e+10"," 1.805544e-04"," 3.392871e-11"," 3.651774e+01"
" 1.256309e+00"," 1.335947e+03"," 1.472853e+04"," 1.942202e+18"," 3.154952e+15"," 3.803293e-01"," 6.485638e-10"," 1.910375e+00"," 1.040314e+18"," 8.312914e+14"," 3.006364e-01"," 2.162182e-10"," 5.730322e+00"," 3.603252e+17"," 2.532871e+14"," 1.526687e-01"," 1.297087e-10"," 9.552173e+00"," 1.164437e+17"," 7.974652e+13"," 6.729407e-02"," 9.264907e-11"," 1.337304e+01"," 3.659429e+16"," 2.543422e+13"," 2.759484e-02"," 7.206013e-11"," 1.719397e+01"," 1.138022e+16"," 8.164468e+12"," 1.082649e-02"," 5.895795e-11"," 2.101498e+01"," 3.508948e+15"," 2.630538e+12"," 4.122445e-03"," 4.988728e-11"," 2.483599e+01"," 1.073875e+15"," 8.495132e+11"," 1.536131e-03"," 4.323548e-11"," 2.865702e+01"," 3.282402e+14"," 2.747714e+11"," 5.631024e-04"," 3.814884e-11"," 3.247805e+01"," 1.004948e+14"," 8.897088e+10"," 2.037832e-04"," 3.413310e-11"," 3.629907e+01"
" 1.264911e+00"," 1.354303e+03"," 1.483491e+04"," 1.940066e+18"," 3.171717e+15"," 3.800470e-01"," 6.524945e-10"," 1.898866e+00"," 1.052992e+18"," 8.462969e+14"," 3.042194e-01"," 2.175286e-10"," 5.695802e+00"," 3.697404e+17"," 2.612852e+14"," 1.565408e-01"," 1.304948e-10"," 9.494630e+00"," 1.210505e+17"," 8.337363e+13"," 6.993097e-02"," 9.321058e-11"," 1.329248e+01"," 3.857609e+16"," 2.695184e+13"," 2.906523e-02"," 7.249686e-11"," 1.709040e+01"," 1.215207e+16"," 8.769433e+12"," 1.155865e-02"," 5.931527e-11"," 2.088838e+01"," 3.791094e+15"," 2.864009e+12"," 4.461291e-03"," 5.018962e-11"," 2.468638e+01"," 1.179686e+15"," 9.375499e+11"," 1.685111e-03"," 4.349752e-11"," 2.848439e+01"," 3.656477e+14"," 3.073943e+11"," 6.261633e-04"," 3.838005e-11"," 3.228240e+01"," 1.131422e+14"," 1.008966e+11"," 2.297063e-04"," 3.433997e-11"," 3.608040e+01"
" 1.273558e+00"," 1.372884e+03"," 1.494184e+04"," 1.938755e+18"," 3.188371e+15"," 3.797271e-01"," 6.564732e-10"," 1.887358e+00"," 1.065804e+18"," 8.614065e+14"," 3.077742e-01"," 2.188175e-10"," 5.662252e+00"," 3.787698e+17"," 2.694484e+14"," 1.604532e-01"," 1.312905e-10"," 9.437087e+00"," 1.259538e+17"," 8.712613e+13"," 7.263555e-02"," 9.377894e-11"," 1.321192e+01"," 4.066028e+16"," 2.854335e+13"," 3.059498e-02"," 7.293891e-11"," 1.698682e+01"," 1.297340e+16"," 9.412514e+12"," 1.233108e-02"," 5.967695e-11"," 2.076179e+01"," 4.106072e+15"," 3.115578e+12"," 4.823750e-03"," 5.049566e-11"," 2.453676e+01"," 1.294842e+15"," 1.033706e+12"," 1.846678e-03"," 4.376274e-11"," 2.831175e+01"," 4.061247e+14"," 3.435128e+11"," 6.954959e-04"," 3.861407e-11"," 3.208675e+01"," 1.276751e+14"," 1.142804e+11"," 2.585998e-04"," 3.454936e-11"," 3.586173e+01"
" 1.282253e+00"," 1.391692e+03"," 1.504935e+04"," 1.937000e+18"," 3.204915e+15"," 3.793700e-01"," 6.605006e-10"," 1.875850e+00"," 1.079168e+18"," 8.766182e+14"," 3.112994e-01"," 2.201600e-10"," 5.627726e+00"," 3.882636e+17"," 2.777778e+14"," 1.644046e-01"," 1.320960e-10"," 9.379544e+00"," 1.303414e+17"," 9.100672e+13"," 7.540810e-02"," 9.435427e-11"," 1.313136e+01"," 4.285503e+16"," 3.021143e+13"," 3.218551e-02"," 7.338639e-11"," 1.688324e+01"," 1.385709e+16"," 1.009565e+13"," 1.314539e-02"," 6.004306e-11"," 2.063519e+01"," 4.443434e+15"," 3.386430e+12"," 5.211131e-03"," 5.080545e-11"," 2.438715e+01"," 1.419644e+15"," 1.138633e+12"," 2.021723e-03"," 4.403123e-11"," 2.813912e+01"," 4.513615e+14"," 3.834588e+11"," 7.716390e-04"," 3.885097e-11"," 3.189109e+01"," 1.436969e+14"," 1.292829e+11"," 2.907643e-04"," 3.476132e-11"," 3.564307e+01"
" 1.290994e+00"," 1.410733e+03"," 1.515743e+04"," 1.935407e+18"," 3.221348e+15"," 3.789758e-01"," 6.645778e-10"," 1.864342e+00"," 1.091746e+18"," 8.919303e+14"," 3.147937e-01"," 2.215190e-10"," 5.593200e+00"," 3.979439e+17"," 2.862742e+14"," 1.683938e-01"," 1.329114e-10"," 9.322000e+00"," 1.353094e+17"," 9.501808e+13"," 7.824889e-02"," 9.493670e-11"," 1.305080e+01"," 4.505038e+16"," 3.195881e+13"," 3.383819e-02"," 7.383939e-11"," 1.677966e+01"," 1.474389e+16"," 1.082084e+13"," 1.400321e-02"," 6.041370e-11"," 2.050859e+01"," 4.798292e+15"," 3.677811e+12"," 5.624794e-03"," 5.111906e-11"," 2.423753e+01"," 1.549728e+15"," 1.253026e+12"," 2.211185e-03"," 4.430303e-11"," 2.796649e+01"," 5.012068e+14"," 4.275918e+11"," 8.551696e-04"," 3.909079e-11"," 3.169544e+01"," 1.616488e+14"," 1.460799e+11"," 3.265262e-04"," 3.497590e-11"," 3.542440e+01"
" 1.299785e+00"," 1.430010e+03"," 1.526610e+04"," 1.937046e+18"," 3.237670e+15"," 3.785448e-01"," 6.687056e-10"," 1.852833e+00"," 1.105905e+18"," 9.073407e+14"," 3.182559e-01"," 2.228949e-10"," 5.558674e+00"," 4.078358e+17"," 2.949384e+14"," 1.724194e-01"," 1.337369e-10"," 9.264457e+00"," 1.405428e+17"," 9.916290e+13"," 8.115813e-02"," 9.552637e-11"," 1.297024e+01"," 4.739916e+16"," 3.378828e+13"," 3.555440e-02"," 7.429802e-11"," 1.667608e+01"," 1.571052e+16"," 1.159018e+13"," 1.490622e-02"," 6.078894e-11"," 2.038200e+01"," 5.181865e+15"," 3.991029e+12"," 6.066148e-03"," 5.143657e-11"," 2.408792e+01"," 1.696958e+15"," 1.377623e+12"," 2.416053e-03"," 4.457820e-11"," 2.779385e+01"," 5.558557e+14"," 4.763002e+11"," 9.467045e-04"," 3.933359e-11"," 3.149979e+01"," 1.813936e+14"," 1.648645e+11"," 3.662397e-04"," 3.519314e-11"," 3.520573e+01"
" 1.308625e+00"," 1.449528e+03"," 1.537538e+04"," 1.930919e+18"," 3.253881e+15"," 3.780773e-01"," 6.728850e-10"," 1.841325e+00"," 1.116800e+18"," 9.228476e+14"," 3.216845e-01"," 2.242880e-10"," 5.524148e+00"," 4.173671e+17"," 3.037712e+14"," 1.764800e-01"," 1.345728e-10"," 9.206914e+00"," 1.456967e+17"," 1.034439e+14"," 8.413596e-02"," 9.612341e-11"," 1.288968e+01"," 4.982419e+16"," 3.570266e+13"," 3.733550e-02"," 7.476238e-11"," 1.657251e+01"," 1.674121e+16"," 1.240580e+13"," 1.585610e-02"," 6.116887e-11"," 2.025540e+01"," 5.592730e+15"," 4.327459e+12"," 6.536649e-03"," 5.175805e-11"," 2.393831e+01"," 1.854566e+15"," 1.513214e+12"," 2.637367e-03"," 4.485681e-11"," 2.762122e+01"," 6.159806e+14"," 5.300032e+11"," 1.046903e-03"," 3.957943e-11"," 3.130414e+01"," 2.036669e+14"," 1.858476e+11"," 4.102886e-04"," 3.541309e-11"," 3.498706e+01"
" 1.317516e+00"," 1.469291e+03"," 1.548527e+04"," 1.929280e+18"," 3.269982e+15"," 3.775734e-01"," 6.771170e-10"," 1.829817e+00"," 1.129098e+18"," 9.384490e+14"," 3.250783e-01"," 2.256986e-10"," 5.489623e+00"," 4.273146e+17"," 3.127734e+14"," 1.805742e-01"," 1.354191e-10"," 9.149371e+00"," 1.510739e+17"," 1.078637e+14"," 8.718247e-02"," 9.672796e-11"," 1.280912e+01"," 5.233950e+16"," 3.770485e+13"," 3.918283e-02"," 7.523259e-11"," 1.646893e+01"," 1.780852e+16"," 1.326995e+13"," 1.685458e-02"," 6.155358e-11"," 2.012881e+01"," 6.017807e+15"," 4.688544e+12"," 7.037807e-03"," 5.208357e-11"," 2.378869e+01"," 2.024927e+15"," 1.660637e+12"," 2.876220e-03"," 4.513893e-11"," 2.744859e+01"," 6.791287e+14"," 5.891533e+11"," 1.156467e-03"," 3.982835e-11"," 3.110849e+01"," 2.281256e+14"," 2.092601e+11"," 4.590882e-04"," 3.563582e-11"," 3.476839e+01"
" 1.326459e+00"," 1.489305e+03"," 1.559580e+04"," 1.926654e+18"," 3.285972e+15"," 3.770335e-01"," 6.814025e-10"," 1.818308e+00"," 1.141399e+18"," 9.541430e+14"," 3.284360e-01"," 2.271271e-10"," 5.455097e+00"," 4.374431e+17"," 3.219455e+14"," 1.847006e-01"," 1.362762e-10"," 9.091828e+00"," 1.565607e+17"," 1.124249e+14"," 9.029769e-02"," 9.734016e-11"," 1.272856e+01"," 5.474136e+16"," 3.979778e+13"," 4.109768e-02"," 7.570874e-11"," 1.636535e+01"," 1.893833e+16"," 1.418490e+13"," 1.790338e-02"," 6.194316e-11"," 2.000221e+01"," 6.479572e+15"," 5.075795e+12"," 7.571178e-03"," 5.241321e-11"," 2.363908e+01"," 2.210365e+15"," 1.820784e+12"," 3.133760e-03"," 4.542462e-11"," 2.727596e+01"," 7.507198e+14"," 6.542378e+11"," 1.276147e-03"," 4.008043e-11"," 3.091284e+01"," 2.547250e+14"," 2.353541e+11"," 5.130875e-04"," 3.586136e-11"," 3.454972e+01"
" 1.335455e+00"," 1.509574e+03"," 1.570698e+04"," 1.924068e+18"," 3.301852e+15"," 3.764577e-01"," 6.857427e-10"," 1.806800e+00"," 1.152676e+18"," 9.699274e+14"," 3.317562e-01"," 2.285737e-10"," 5.420571e+00"," 4.465914e+17"," 3.312882e+14"," 1.888576e-01"," 1.371442e-10"," 9.034284e+00"," 1.622298e+17"," 1.171303e+14"," 9.348156e-02"," 9.796017e-11"," 1.264800e+01"," 5.747568e+16"," 4.198442e+13"," 4.308134e-02"," 7.619096e-11"," 1.626177e+01"," 2.011934e+16"," 1.515305e+13"," 1.900428e-02"," 6.233770e-11"," 1.987561e+01"," 6.979269e+15"," 5.490797e+12"," 8.138368e-03"," 5.274706e-11"," 2.348946e+01"," 2.406248e+15"," 1.994602e+12"," 3.411191e-03"," 4.571395e-11"," 2.710332e+01"," 8.287040e+14"," 7.257814e+11"," 1.406738e-03"," 4.033572e-11"," 3.071719e+01"," 2.849453e+14"," 2.644045e+11"," 5.727711e-04"," 3.608978e-11"," 3.433105e+01"
" 1.344504e+00"," 1.530102e+03"," 1.581882e+04"," 1.920060e+18"," 3.317622e+15"," 3.758464e-01"," 6.901385e-10"," 1.795292e+00"," 1.165225e+18"," 9.858004e+14"," 3.350377e-01"," 2.300389e-10"," 5.386045e+00"," 4.570713e+17"," 3.408019e+14"," 1.930437e-01"," 1.380234e-10"," 8.976741e+00"," 1.680687e+17"," 1.219825e+14"," 9.673400e-02"," 9.858812e-11"," 1.256744e+01"," 6.026666e+16"," 4.426782e+13"," 4.513507e-02"," 7.667937e-11"," 1.615819e+01"," 2.140255e+16"," 1.617684e+13"," 2.015904e-02"," 6.273730e-11"," 1.974902e+01"," 7.504126e+15"," 5.935207e+12"," 8.741032e-03"," 5.308518e-11"," 2.333985e+01"," 2.621374e+15"," 2.183094e+12"," 3.709772e-03"," 4.600699e-11"," 2.693069e+01"," 9.145055e+14"," 8.043482e+11"," 1.549090e-03"," 4.059428e-11"," 3.052154e+01"," 3.181592e+14"," 2.967110e+11"," 6.386615e-04"," 3.632112e-11"," 3.411238e+01"
" 1.353609e+00"," 1.550896e+03"," 1.593134e+04"," 1.917413e+18"," 3.333281e+15"," 3.751998e-01"," 6.945910e-10"," 1.783784e+00"," 1.177325e+18"," 1.001760e+15"," 3.382793e-01"," 2.315231e-10"," 5.351519e+00"," 4.670959e+17"," 3.504873e+14"," 1.972572e-01"," 1.389138e-10"," 8.919198e+00"," 1.738854e+17"," 1.269841e+14"," 1.000548e-01"," 9.922417e-11"," 1.248688e+01"," 6.317817e+16"," 4.665104e+13"," 4.726008e-02"," 7.717407e-11"," 1.605461e+01"," 2.263583e+16"," 1.725878e+13"," 2.136946e-02"," 6.314206e-11"," 1.962242e+01"," 8.063235e+15"," 6.410759e+12"," 9.380876e-03"," 5.342766e-11"," 2.319023e+01"," 2.852988e+15"," 2.387327e+12"," 4.030823e-03"," 4.630381e-11"," 2.675806e+01"," 1.005720e+15"," 8.905444e+11"," 1.704100e-03"," 4.085618e-11"," 3.032589e+01"," 3.551857e+14"," 3.325996e+11"," 7.113215e-04"," 3.655545e-11"," 3.389371e+01"
" 1.362770e+00"," 1.571959e+03"," 1.604454e+04"," 1.914007e+18"," 3.348830e+15"," 3.745180e-01"," 6.991013e-10"," 1.772275e+00"," 1.185779e+18"," 1.017803e+15"," 3.414796e-01"," 2.330265e-10"," 5.316993e+00"," 4.774494e+17"," 3.603445e+14"," 2.014965e-01"," 1.398159e-10"," 8.861655e+00"," 1.799915e+17"," 1.321377e+14"," 1.034438e-01"," 9.986848e-11"," 1.240632e+01"," 6.609727e+16"," 4.913721e+13"," 4.945755e-02"," 7.767520e-11"," 1.595104e+01"," 2.399682e+16"," 1.840150e+13"," 2.263735e-02"," 6.355207e-11"," 1.949582e+01"," 8.662466e+15"," 6.919264e+12"," 1.005965e-02"," 5.377460e-11"," 2.304062e+01"," 3.098809e+15"," 2.608428e+12"," 4.375722e-03"," 4.660448e-11"," 2.658543e+01"," 1.107340e+15"," 9.850205e+11"," 1.872724e-03"," 4.112148e-11"," 3.013024e+01"," 3.952234e+14"," 3.724249e+11"," 7.913560e-04"," 3.679283e-11"," 3.367504e+01"
" 1.371989e+00"," 1.593298e+03"," 1.615846e+04"," 1.913081e+18"," 3.364269e+15"," 3.738015e-01"," 7.036706e-10"," 1.760767e+00"," 1.198089e+18"," 1.033929e+15"," 3.446374e-01"," 2.345495e-10"," 5.282467e+00"," 4.876570e+17"," 3.703741e+14"," 2.057600e-01"," 1.407297e-10"," 8.804112e+00"," 1.857881e+17"," 1.374459e+14"," 1.069006e-01"," 1.005212e-10"," 1.232576e+01"," 6.923457e+16"," 5.172948e+13"," 5.172862e-02"," 7.818288e-11"," 1.584746e+01"," 2.543134e+16"," 1.960766e+13"," 2.396452e-02"," 6.396744e-11"," 1.936923e+01"," 9.264805e+15"," 7.462614e+12"," 1.077915e-02"," 5.412606e-11"," 2.289100e+01"," 3.370146e+15"," 2.847591e+12"," 4.745907e-03"," 4.690909e-11"," 2.641279e+01"," 1.217012e+15"," 1.088474e+12"," 2.055972e-03"," 4.139025e-11"," 2.993459e+01"," 4.401957e+14"," 4.165720e+11"," 8.794152e-04"," 3.703330e-11"," 3.345637e+01"
" 1.381266e+00"," 1.614918e+03"," 1.627309e+04"," 1.909751e+18"," 3.379597e+15"," 3.730504e-01"," 7.083000e-10"," 1.749259e+00"," 1.209806e+18"," 1.050135e+15"," 3.477515e-01"," 2.360926e-10"," 5.247941e+00"," 4.982780e+17"," 3.805762e+14"," 2.100459e-01"," 1.416556e-10"," 8.746568e+00"," 1.921229e+17"," 1.429112e+14"," 1.104249e-01"," 1.011825e-10"," 1.224520e+01"," 7.248025e+16"," 5.443105e+13"," 5.407440e-02"," 7.869725e-11"," 1.574388e+01"," 2.692620e+16"," 2.088001e+13"," 2.535280e-02"," 6.438828e-11"," 1.924263e+01"," 9.929231e+15"," 8.042783e+12"," 1.154123e-02"," 5.448216e-11"," 2.274139e+01"," 3.645319e+15"," 3.106078e+12"," 5.142877e-03"," 4.721770e-11"," 2.624016e+01"," 1.337819e+15"," 1.201652e+12"," 2.254914e-03"," 4.166255e-11"," 2.973894e+01"," 4.893745e+14"," 4.654587e+11"," 9.761965e-04"," 3.727694e-11"," 3.323771e+01"
" 1.390602e+00"," 1.636824e+03"," 1.638846e+04"," 1.904692e+18"," 3.394816e+15"," 3.722649e-01"," 7.129907e-10"," 1.737751e+00"," 1.220859e+18"," 1.066419e+15"," 3.508206e-01"," 2.376561e-10"," 5.213415e+00"," 5.087795e+17"," 3.909511e+14"," 2.143524e-01"," 1.425937e-10"," 8.689025e+00"," 1.985852e+17"," 1.485363e+14"," 1.140161e-01"," 1.018526e-10"," 1.216464e+01"," 7.583124e+16"," 5.724517e+13"," 5.649593e-02"," 7.921842e-11"," 1.564030e+01"," 2.850790e+16"," 2.222140e+13"," 2.680403e-02"," 6.481470e-11"," 1.911604e+01"," 1.063684e+16"," 8.661829e+12"," 1.234778e-02"," 5.484297e-11"," 2.259178e+01"," 3.952827e+15"," 3.385224e+12"," 5.568196e-03"," 4.753040e-11"," 2.606753e+01"," 1.463718e+15"," 1.325354e+12"," 2.470681e-03"," 4.193847e-11"," 2.954328e+01"," 5.439010e+14"," 5.195378e+11"," 1.082447e-03"," 3.752381e-11"," 3.301904e+01"
" 1.400000e+00"," 1.659022e+03"," 1.650458e+04"," 1.900555e+18"," 3.409924e+15"," 3.714454e-01"," 7.177440e-10"," 1.726242e+00"," 1.232142e+18"," 1.082779e+15"," 3.538435e-01"," 2.392405e-10"," 5.178889e+00"," 5.189329e+17"," 4.014989e+14"," 2.186777e-01"," 1.435443e-10"," 8.631482e+00"," 2.050752e+17"," 1.543235e+14"," 1.176739e-01"," 1.025316e-10"," 1.208407e+01"," 7.905324e+16"," 6.017510e+13"," 5.899422e-02"," 7.974654e-11"," 1.553672e+01"," 3.015752e+16"," 2.363474e+13"," 2.832002e-02"," 6.524679e-11"," 1.898944e+01"," 1.139099e+16"," 9.321894e+12"," 1.320072e-02"," 5.520859e-11"," 2.244216e+01"," 4.279612e+15"," 3.686435e+12"," 6.023487e-03"," 4.784727e-11"," 2.589490e+01"," 1.605841e+15"," 1.460435e+12"," 2.704464e-03"," 4.221806e-11"," 2.934763e+01"," 6.015478e+14"," 5.792997e+11"," 1.198967e-03"," 3.777397e-11"," 3.280037e+01"
" 1.409460e+00"," 1.681518e+03"," 1.662147e+04"," 1.897055e+18"," 3.424923e+15"," 3.705920e-01"," 7.225611e-10"," 1.714734e+00"," 1.243706e+18"," 1.099212e+15"," 3.568190e-01"," 2.408461e-10"," 5.144363e+00"," 5.297409e+17"," 4.122196e+14"," 2.230200e-01"," 1.445077e-10"," 8.573939e+00"," 2.117086e+17"," 1.602753e+14"," 1.213975e-01"," 1.032198e-10"," 1.200351e+01"," 8.259915e+16"," 6.322416e+13"," 6.157023e-02"," 8.028175e-11"," 1.543315e+01"," 3.183283e+16"," 2.512300e+13"," 2.990263e-02"," 6.568469e-11"," 1.886284e+01"," 1.218935e+16"," 1.002521e+13"," 1.410204e-02"," 5.557911e-11"," 2.229255e+01"," 4.633556e+15"," 4.011196e+12"," 6.510439e-03"," 4.816839e-11"," 2.572226e+01"," 1.758732e+15"," 1.607807e+12"," 2.957522e-03"," 4.250140e-11"," 2.915198e+01"," 6.670035e+14"," 6.452744e+11"," 1.326610e-03"," 3.802748e-11"," 3.258170e+01"
" 1.418983e+00"," 1.704318e+03"," 1.673914e+04"," 1.893654e+18"," 3.439812e+15"," 3.697050e-01"," 7.274432e-10"," 1.703226e+00"," 1.252141e+18"," 1.115717e+15"," 3.597459e-01"," 2.424735e-10"," 5.109837e+00"," 5.404020e+17"," 4.231132e+14"," 2.273774e-01"," 1.454841e-10"," 8.516396e+00"," 2.181699e+17"," 1.663943e+14"," 1.251864e-01"," 1.039172e-10"," 1.192295e+01"," 8.621869e+16"," 6.639569e+13"," 6.422484e-02"," 8.082420e-11"," 1.532957e+01"," 3.362797e+16"," 2.668926e+13"," 3.155366e-02"," 6.612851e-11"," 1.873625e+01"," 1.300846e+16"," 1.077410e+13"," 1.505375e-02"," 5.595465e-11"," 2.214293e+01"," 5.013885e+15"," 4.361071e+12"," 7.030804e-03"," 4.849385e-11"," 2.554963e+01"," 1.924161e+15"," 1.768446e+12"," 3.231181e-03"," 4.278857e-11"," 2.895633e+01"," 7.386275e+14"," 7.180349e+11"," 1.466290e-03"," 3.828443e-11"," 3.236303e+01"
" 1.428571e+00"," 1.727428e+03"," 1.685762e+04"," 1.889042e+18"," 3.454590e+15"," 3.687846e-01"," 7.323918e-10"," 1.691717e+00"," 1.263401e+18"," 1.132290e+15"," 3.626230e-01"," 2.441230e-10"," 5.075311e+00"," 5.523165e+17"," 4.341797e+14"," 2.317479e-01"," 1.464738e-10"," 8.458852e+00"," 2.251200e+17"," 1.726827e+14"," 1.290396e-01"," 1.046241e-10"," 1.184239e+01"," 9.005166e+16"," 6.969307e+13"," 6.695890e-02"," 8.137402e-11"," 1.522599e+01"," 3.550560e+16"," 2.833665e+13"," 3.327495e-02"," 6.657836e-11"," 1.860965e+01"," 1.389902e+16"," 1.157097e+13"," 1.605792e-02"," 5.633529e-11"," 2.199332e+01"," 5.411078e+15"," 4.737706e+12"," 7.586398e-03"," 4.882374e-11"," 2.537700e+01"," 2.101376e+15"," 1.943389e+12"," 3.526832e-03"," 4.307965e-11"," 2.876068e+01"," 8.172348e+14"," 7.981993e+11"," 1.618979e-03"," 3.854486e-11"," 3.214436e+01"
" 1.438226e+00"," 1.750854e+03"," 1.697691e+04"," 1.885793e+18"," 3.469259e+15"," 3.678312e-01"," 7.374082e-10"," 1.680209e+00"," 1.275497e+18"," 1.148931e+15"," 3.654491e-01"," 2.457950e-10"," 5.040785e+00"," 5.626599e+17"," 4.454189e+14"," 2.361296e-01"," 1.474770e-10"," 8.401309e+00"," 2.321543e+17"," 1.791430e+14"," 1.329565e-01"," 1.053407e-10"," 1.176183e+01"," 9.377172e+16"," 7.311968e+13"," 6.977318e-02"," 8.193138e-11"," 1.512241e+01"," 3.741714e+16"," 3.006839e+13"," 3.506830e-02"," 6.703438e-11"," 1.848305e+01"," 1.483673e+16"," 1.241832e+13"," 1.711662e-02"," 5.672115e-11"," 2.184370e+01"," 5.842305e+15"," 5.142835e+12"," 8.179101e-03"," 4.915815e-11"," 2.520437e+01"," 2.294789e+15"," 2.133743e+12"," 3.845942e-03"," 4.337471e-11"," 2.856503e+01"," 9.014560e+14"," 8.864343e+11"," 1.785714e-03"," 3.880887e-11"," 3.192569e+01"
" 1.447947e+00"," 1.774604e+03"," 1.709704e+04"," 1.880349e+18"," 3.483819e+15"," 3.668449e-01"," 7.424938e-10"," 1.668701e+00"," 1.284312e+18"," 1.165636e+15"," 3.682230e-01"," 2.474902e-10"," 5.006260e+00"," 5.738321e+17"," 4.568306e+14"," 2.405205e-01"," 1.484941e-10"," 8.343766e+00"," 2.393476e+17"," 1.857775e+14"," 1.369361e-01"," 1.060672e-10"," 1.168127e+01"," 9.779671e+16"," 7.667895e+13"," 7.266839e-02"," 8.249642e-11"," 1.501883e+01"," 3.947687e+16"," 3.188778e+13"," 3.693550e-02"," 6.749668e-11"," 1.835646e+01"," 1.580758e+16"," 1.331876e+13"," 1.823199e-02"," 5.711233e-11"," 2.169409e+01"," 6.299907e+15"," 5.578277e+12"," 8.810858e-03"," 4.949717e-11"," 2.503173e+01"," 2.504138e+15"," 2.340684e+12"," 4.190045e-03"," 4.367385e-11"," 2.836938e+01"," 9.957000e+14"," 9.834578e+11"," 1.967597e-03"," 3.907652e-11"," 3.170702e+01"
" 1.457738e+00"," 1.798684e+03"," 1.721802e+04"," 1.876256e+18"," 3.498269e+15"," 3.658260e-01"," 7.476500e-10"," 1.657193e+00"," 1.294080e+18"," 1.182403e+15"," 3.709437e-01"," 2.492088e-10"," 4.971734e+00"," 5.847635e+17"," 4.684144e+14"," 2.449185e-01"," 1.495253e-10"," 8.286223e+00"," 2.466213e+17"," 1.925884e+14"," 1.409774e-01"," 1.068038e-10"," 1.160071e+01"," 1.018196e+17"," 8.037432e+13"," 7.564518e-02"," 8.306932e-11"," 1.491525e+01"," 4.160793e+16"," 3.379819e+13"," 3.887832e-02"," 6.796541e-11"," 1.822986e+01"," 1.686117e+16"," 1.427498e+13"," 1.940619e-02"," 5.750894e-11"," 2.154448e+01"," 6.792208e+15"," 6.045944e+12"," 9.483677e-03"," 4.984090e-11"," 2.485910e+01"," 2.731764e+15"," 2.565466e+12"," 4.560753e-03"," 4.397714e-11"," 2.817373e+01"," 1.098292e+15"," 1.090042e+12"," 2.165800e-03"," 3.934788e-11"," 3.148835e+01"
" 1.467599e+00"," 1.823101e+03"," 1.733987e+04"," 1.872914e+18"," 3.512609e+15"," 3.647747e-01"," 7.528783e-10"," 1.645684e+00"," 1.307067e+18"," 1.199230e+15"," 3.736100e-01"," 2.509516e-10"," 4.937208e+00"," 5.956956e+17"," 4.801700e+14"," 2.493216e-01"," 1.505709e-10"," 8.228679e+00"," 2.541127e+17"," 1.995779e+14"," 1.450793e-01"," 1.075507e-10"," 1.152015e+01"," 1.062552e+17"," 8.420927e+13"," 7.870410e-02"," 8.365022e-11"," 1.481168e+01"," 4.382847e+16"," 3.580305e+13"," 4.089852e-02"," 6.844069e-11"," 1.810327e+01"," 1.796473e+16"," 1.528977e+13"," 2.064140e-02"," 5.791110e-11"," 2.139486e+01"," 7.325199e+15"," 6.547842e+12"," 1.019963e-02"," 5.018944e-11"," 2.468647e+01"," 2.977068e+15"," 2.809415e+12"," 4.959750e-03"," 4.428467e-11"," 2.797808e+01"," 1.210807e+15"," 1.207018e+12"," 2.381564e-03"," 3.962304e-11"," 3.126968e+01"
" 1.477531e+00"," 1.847861e+03"," 1.746260e+04"," 1.859219e+18"," 3.526839e+15"," 3.636913e-01"," 7.581803e-10"," 1.634176e+00"," 1.312605e+18"," 1.216114e+15"," 3.762208e-01"," 2.527188e-10"," 4.902682e+00"," 6.038637e+17"," 4.920970e+14"," 2.537277e-01"," 1.516313e-10"," 8.171136e+00"," 2.606790e+17"," 2.067483e+14"," 1.492407e-01"," 1.083081e-10"," 1.143959e+01"," 1.102232e+17"," 8.818727e+13"," 8.184566e-02"," 8.423931e-11"," 1.470810e+01"," 4.600994e+16"," 3.790587e+13"," 4.299782e-02"," 6.892267e-11"," 1.797667e+01"," 1.905328e+16"," 1.636601e+13"," 2.193984e-02"," 5.831893e-11"," 2.124525e+01"," 7.860655e+15"," 7.086073e+12"," 1.096085e-02"," 5.054289e-11"," 2.451383e+01"," 3.231212e+15"," 3.073943e+12"," 5.388799e-03"," 4.459654e-11"," 2.778243e+01"," 1.327832e+15"," 1.335277e+12"," 2.616207e-03"," 3.990208e-11"," 3.105101e+01"
" 1.487537e+00"," 1.872973e+03"," 1.758625e+04"," 1.854275e+18"," 3.540961e+15"," 3.625761e-01"," 7.635574e-10"," 1.622668e+00"," 1.321693e+18"," 1.233054e+15"," 3.787749e-01"," 2.545112e-10"," 4.868156e+00"," 6.149372e+17"," 5.041948e+14"," 2.581347e-01"," 1.527067e-10"," 8.113593e+00"," 2.681465e+17"," 2.141016e+14"," 1.534603e-01"," 1.090762e-10"," 1.135903e+01"," 1.147675e+17"," 9.231180e+13"," 8.507026e-02"," 8.483675e-11"," 1.460452e+01"," 4.839108e+16"," 4.011025e+13"," 4.517791e-02"," 6.941148e-11"," 1.785007e+01"," 2.028668e+16"," 1.750670e+13"," 2.330375e-02"," 5.873254e-11"," 2.109563e+01"," 8.455603e+15"," 7.662841e+12"," 1.176953e-02"," 5.090135e-11"," 2.434120e+01"," 3.513781e+15"," 3.360545e+12"," 5.849742e-03"," 4.491282e-11"," 2.758678e+01"," 1.459135e+15"," 1.475775e+12"," 2.871122e-03"," 4.018507e-11"," 3.083235e+01"
" 1.497617e+00"," 1.898443e+03"," 1.771081e+04"," 1.847982e+18"," 3.554973e+15"," 3.614292e-01"," 7.690114e-10"," 1.611159e+00"," 1.331504e+18"," 1.250046e+15"," 3.812713e-01"," 2.563291e-10"," 4.833630e+00"," 6.260535e+17"," 5.164628e+14"," 2.625403e-01"," 1.537975e-10"," 8.056050e+00"," 2.760291e+17"," 2.216399e+14"," 1.577368e-01"," 1.098553e-10"," 1.127847e+01"," 1.192690e+17"," 9.658639e+13"," 8.837824e-02"," 8.544272e-11"," 1.450094e+01"," 5.087363e+16"," 4.241984e+13"," 4.744044e-02"," 6.990728e-11"," 1.772348e+01"," 2.154183e+16"," 1.871493e+13"," 2.473537e-02"," 5.915206e-11"," 2.094602e+01"," 9.083865e+15"," 8.280449e+12"," 1.262793e-02"," 5.126493e-11"," 2.416857e+01"," 3.817289e+15"," 3.670805e+12"," 6.344496e-03"," 4.523363e-11"," 2.739112e+01"," 1.603634e+15"," 1.629537e+12"," 3.147783e-03"," 4.047211e-11"," 3.061368e+01"
" 1.507774e+00"," 1.924280e+03"," 1.783633e+04"," 1.842071e+18"," 3.568876e+15"," 3.602509e-01"," 7.745439e-10"," 1.599651e+00"," 1.340631e+18"," 1.267088e+15"," 3.837089e-01"," 2.581732e-10"," 4.799104e+00"," 6.363026e+17"," 5.289003e+14"," 2.669424e-01"," 1.549039e-10"," 7.998507e+00"," 2.837850e+17"," 2.293652e+14"," 1.620688e-01"," 1.106457e-10"," 1.119791e+01"," 1.240305e+17"," 1.010145e+14"," 9.176985e-02"," 8.605742e-11"," 1.439736e+01"," 5.342349e+16"," 4.483836e+13"," 4.978702e-02"," 7.041021e-11"," 1.759688e+01"," 2.287526e+16"," 1.999388e+13"," 2.623699e-02"," 5.957761e-11"," 2.079640e+01"," 9.752718e+15"," 8.941309e+12"," 1.353836e-02"," 5.163374e-11"," 2.399594e+01"," 4.145136e+15"," 4.006397e+12"," 6.875063e-03"," 4.555905e-11"," 2.719547e+01"," 1.757768e+15"," 1.797661e+12"," 3.447745e-03"," 4.076327e-11"," 3.039501e+01"
" 1.518008e+00"," 1.950491e+03"," 1.796280e+04"," 1.836798e+18"," 3.582669e+15"," 3.590415e-01"," 7.801565e-10"," 1.588143e+00"," 1.350028e+18"," 1.284179e+15"," 3.860867e-01"," 2.600440e-10"," 4.764578e+00"," 6.476109e+17"," 5.415066e+14"," 2.713387e-01"," 1.560264e-10"," 7.940963e+00"," 2.921438e+17"," 2.372795e+14"," 1.664548e-01"," 1.114474e-10"," 1.111735e+01"," 1.286444e+17"," 1.055997e+14"," 9.524524e-02"," 8.668102e-11"," 1.429379e+01"," 5.608811e+16"," 4.736961e+13"," 5.221923e-02"," 7.092043e-11"," 1.747028e+01"," 2.430337e+16"," 2.134684e+13"," 2.781089e-02"," 6.000933e-11"," 2.064679e+01"," 1.044494e+16"," 9.647937e+12"," 1.450320e-02"," 5.200790e-11"," 2.382330e+01"," 4.488268e+15"," 4.369095e+12"," 7.443521e-03"," 4.588919e-11"," 2.699982e+01"," 1.926818e+15"," 1.981321e+12"," 3.772649e-03"," 4.105866e-11"," 3.017634e+01"
" 1.528321e+00"," 1.977085e+03"," 1.809026e+04"," 1.830986e+18"," 3.596354e+15"," 3.578013e-01"," 7.858511e-10"," 1.576635e+00"," 1.358655e+18"," 1.301315e+15"," 3.884035e-01"," 2.619421e-10"," 4.730052e+00"," 6.586745e+17"," 5.542808e+14"," 2.757270e-01"," 1.571653e-10"," 7.883420e+00"," 2.997156e+17"," 2.453845e+14"," 1.708932e-01"," 1.122609e-10"," 1.103679e+01"," 1.336434e+17"," 1.103455e+14"," 9.880448e-02"," 8.731373e-11"," 1.419021e+01"," 5.888521e+16"," 5.001743e+13"," 5.473858e-02"," 7.143810e-11"," 1.734369e+01"," 2.572057e+16"," 2.277720e+13"," 2.945936e-02"," 6.044736e-11"," 2.049717e+01"," 1.120282e+16"," 1.040296e+13"," 1.552486e-02"," 5.238752e-11"," 2.365067e+01"," 4.866371e+15"," 4.760770e+12"," 8.052034e-03"," 4.622415e-11"," 2.680417e+01"," 2.110257e+15"," 2.181770e+12"," 4.124222e-03"," 4.135836e-11"," 2.995767e+01"
" 1.538716e+00"," 2.004070e+03"," 1.821873e+04"," 1.824651e+18"," 3.609929e+15"," 3.565304e-01"," 7.916294e-10"," 1.565126e+00"," 1.365328e+18"," 1.318494e+15"," 3.906584e-01"," 2.638682e-10"," 4.695526e+00"," 6.701659e+17"," 5.672220e+14"," 2.801050e-01"," 1.583209e-10"," 7.825877e+00"," 3.078743e+17"," 2.536822e+14"," 1.753823e-01"," 1.130864e-10"," 1.095623e+01"," 1.387661e+17"," 1.152554e+14"," 1.024475e-01"," 8.795575e-11"," 1.408663e+01"," 6.170409e+16"," 5.278575e+13"," 5.734654e-02"," 7.196338e-11"," 1.721709e+01"," 2.725008e+16"," 2.428847e+13"," 3.118469e-02"," 6.089182e-11"," 2.034756e+01"," 1.200717e+16"," 1.120913e+13"," 1.660584e-02"," 5.277272e-11"," 2.347804e+01"," 5.265470e+15"," 5.183396e+12"," 8.702843e-03"," 4.656403e-11"," 2.660852e+01"," 2.310070e+15"," 2.400347e+12"," 4.504281e-03"," 4.166246e-11"," 2.973900e+01"
" 1.549193e+00"," 2.031455e+03"," 1.834822e+04"," 1.818824e+18"," 3.623396e+15"," 3.552291e-01"," 7.974933e-10"," 1.553618e+00"," 1.373601e+18"," 1.335713e+15"," 3.928504e-01"," 2.658228e-10"," 4.661000e+00"," 6.793698e+17"," 5.803293e+14"," 2.844705e-01"," 1.594937e-10"," 7.768334e+00"," 3.157947e+17"," 2.621742e+14"," 1.799205e-01"," 1.139240e-10"," 1.087567e+01"," 1.439614e+17"," 1.203328e+14"," 1.061743e-01"," 8.860727e-11"," 1.398305e+01"," 6.467701e+16"," 5.567855e+13"," 6.004451e-02"," 7.249644e-11"," 1.709050e+01"," 2.891352e+16"," 2.588424e+13"," 3.298918e-02"," 6.134287e-11"," 2.019795e+01"," 1.285097e+16"," 1.206929e+13"," 1.774866e-02"," 5.316363e-11"," 2.330541e+01"," 5.703814e+15"," 5.639056e+12"," 9.398272e-03"," 4.690895e-11"," 2.641287e+01"," 2.518846e+15"," 2.638479e+12"," 4.914733e-03"," 4.197107e-11"," 2.952033e+01"
" 1.559755e+00"," 2.059249e+03"," 1.847876e+04"," 1.815186e+18"," 3.636754e+15"," 3.538976e-01"," 8.034448e-10"," 1.542110e+00"," 1.382046e+18"," 1.352971e+15"," 3.949785e-01"," 2.678065e-10"," 4.626474e+00"," 6.903860e+17"," 5.936015e+14"," 2.888209e-01"," 1.606839e-10"," 7.710791e+00"," 3.243482e+17"," 2.708622e+14"," 1.845058e-01"," 1.147742e-10"," 1.079511e+01"," 1.490342e+17"," 1.255814e+14"," 1.099845e-01"," 8.926852e-11"," 1.387947e+01"," 6.782091e+16"," 5.869986e+13"," 6.283381e-02"," 7.303746e-11"," 1.696390e+01"," 3.059013e+16"," 2.756821e+13"," 3.487511e-02"," 6.180066e-11"," 2.004833e+01"," 1.374940e+16"," 1.298642e+13"," 1.895590e-02"," 5.356037e-11"," 2.313277e+01"," 6.144425e+15"," 6.129944e+12"," 1.014073e-02"," 4.725902e-11"," 2.621722e+01"," 2.752289e+15"," 2.897688e+12"," 5.357583e-03"," 4.228429e-11"," 2.930166e+01"
" 1.570403e+00"," 2.087460e+03"," 1.861037e+04"," 1.804631e+18"," 3.650003e+15"," 3.525362e-01"," 8.094857e-10"," 1.530601e+00"," 1.389125e+18"," 1.370264e+15"," 3.970416e-01"," 2.698201e-10"," 4.591948e+00"," 7.010145e+17"," 6.070374e+14"," 2.931541e-01"," 1.618921e-10"," 7.653247e+00"," 3.327354e+17"," 2.797477e+14"," 1.891364e-01"," 1.156372e-10"," 1.071455e+01"," 1.544333e+17"," 1.310045e+14"," 1.138778e-01"," 8.993971e-11"," 1.377590e+01"," 7.095102e+16"," 6.185376e+13"," 6.571573e-02"," 7.358661e-11"," 1.683730e+01"," 3.235106e+16"," 2.934418e+13"," 3.684477e-02"," 6.226532e-11"," 1.989872e+01"," 1.465499e+16"," 1.396362e+13"," 2.023019e-02"," 5.396308e-11"," 2.296014e+01"," 6.639490e+15"," 6.658368e+12"," 1.093270e-02"," 4.761435e-11"," 2.602157e+01"," 3.002965e+15"," 3.179591e+12"," 5.834927e-03"," 4.260222e-11"," 2.908299e+01"
" 1.581139e+00"," 2.116099e+03"," 1.874306e+04"," 1.798722e+18"," 3.663143e+15"," 3.511452e-01"," 8.156182e-10"," 1.519093e+00"," 1.397061e+18"," 1.387590e+15"," 3.990389e-01"," 2.718642e-10"," 4.557422e+00"," 7.114127e+17"," 6.206359e+14"," 2.974677e-01"," 1.631185e-10"," 7.595704e+00"," 3.403374e+17"," 2.888323e+14"," 1.938102e-01"," 1.165132e-10"," 1.063399e+01"," 1.600886e+17"," 1.366056e+14"," 1.178538e-01"," 9.062107e-11"," 1.367232e+01"," 7.432076e+16"," 6.514442e+13"," 6.869146e-02"," 7.414408e-11"," 1.671071e+01"," 3.426935e+16"," 3.121605e+13"," 3.890041e-02"," 6.273703e-11"," 1.974910e+01"," 1.565393e+16"," 1.500410e+13"," 2.157417e-02"," 5.437189e-11"," 2.278751e+01"," 7.158768e+15"," 7.226755e+12"," 1.177674e-02"," 4.797506e-11"," 2.582592e+01"," 3.274275e+15"," 3.485910e+12"," 6.348960e-03"," 4.292496e-11"," 2.886432e+01"
" 1.591965e+00"," 2.145175e+03"," 1.887688e+04"," 1.791105e+18"," 3.676175e+15"," 3.497248e-01"," 8.218443e-10"," 1.507585e+00"," 1.400749e+18"," 1.404947e+15"," 4.009694e-01"," 2.739395e-10"," 4.522897e+00"," 7.220919e+17"," 6.343956e+14"," 3.017591e-01"," 1.643637e-10"," 7.538161e+00"," 3.491689e+17"," 2.981174e+14"," 1.985252e-01"," 1.174026e-10"," 1.055343e+01"," 1.655749e+17"," 1.423881e+14"," 1.219120e-01"," 9.131284e-11"," 1.356874e+01"," 7.772226e+16"," 6.857601e+13"," 7.176209e-02"," 7.471007e-11"," 1.658411e+01"," 3.608317e+16"," 3.318784e+13"," 4.104427e-02"," 6.321594e-11"," 1.959949e+01"," 1.669871e+16"," 1.611121e+13"," 2.299056e-02"," 5.478695e-11"," 2.261488e+01"," 7.719052e+15"," 7.837657e+12"," 1.267551e-02"," 4.834128e-11"," 2.563027e+01"," 3.561892e+15"," 3.818472e+12"," 6.901975e-03"," 4.325263e-11"," 2.864565e+01"
" 1.602882e+00"," 2.174699e+03"," 1.901183e+04"," 1.784618e+18"," 3.689099e+15"," 3.482752e-01"," 8.281661e-10"," 1.496077e+00"," 1.409445e+18"," 1.422331e+15"," 4.028322e-01"," 2.760467e-10"," 4.488371e+00"," 7.325634e+17"," 6.483152e+14"," 3.060261e-01"," 1.656280e-10"," 7.480618e+00"," 3.577100e+17"," 3.076043e+14"," 2.032791e-01"," 1.183057e-10"," 1.047286e+01"," 1.715113e+17"," 1.483555e+14"," 1.260516e-01"," 9.201524e-11"," 1.346516e+01"," 8.127600e+16"," 7.215277e+13"," 7.492866e-02"," 7.528476e-11"," 1.645751e+01"," 3.808626e+16"," 3.526365e+13"," 4.327856e-02"," 6.370221e-11"," 1.944987e+01"," 1.782754e+16"," 1.728840e+13"," 2.448208e-02"," 5.520839e-11"," 2.244224e+01"," 8.309487e+15"," 8.493749e+12"," 1.363172e-02"," 4.871314e-11"," 2.543462e+01"," 3.878727e+15"," 4.179217e+12"," 7.496367e-03"," 4.358535e-11"," 2.842699e+01"
" 1.613893e+00"," 2.204680e+03"," 1.914794e+04"," 1.774830e+18"," 3.701914e+15"," 3.467967e-01"," 8.345860e-10"," 1.484568e+00"," 1.415591e+18"," 1.439741e+15"," 4.046263e-01"," 2.781866e-10"," 4.453845e+00"," 7.438356e+17"," 6.623930e+14"," 3.102661e-01"," 1.669120e-10"," 7.423074e+00"," 3.664001e+17"," 3.172943e+14"," 2.080697e-01"," 1.192228e-10"," 1.039230e+01"," 1.773344e+17"," 1.545111e+14"," 1.302719e-01"," 9.272854e-11"," 1.336158e+01"," 8.461465e+16"," 7.587899e+13"," 7.819209e-02"," 7.586836e-11"," 1.633092e+01"," 4.018978e+16"," 3.744768e+13"," 4.560546e-02"," 6.419603e-11"," 1.930026e+01"," 1.900936e+16"," 1.853928e+13"," 2.605150e-02"," 5.563636e-11"," 2.226961e+01"," 8.947109e+15"," 9.197837e+12"," 1.464817e-02"," 4.909076e-11"," 2.523896e+01"," 4.217507e+15"," 4.570202e+12"," 8.134627e-03"," 4.392322e-11"," 2.820832e+01"
" 1.625000e+00"," 2.235130e+03"," 1.928524e+04"," 1.768276e+18"," 3.714620e+15"," 3.452895e-01"," 8.411062e-10"," 1.473060e+00"," 1.421958e+18"," 1.457173e+15"," 4.063509e-01"," 2.803600e-10"," 4.419319e+00"," 7.526413e+17"," 6.766276e+14"," 3.144768e-01"," 1.682160e-10"," 7.365531e+00"," 3.755243e+17"," 3.271884e+14"," 2.128947e-01"," 1.201543e-10"," 1.031174e+01"," 1.834224e+17"," 1.608582e+14"," 1.345720e-01"," 9.345298e-11"," 1.325800e+01"," 8.837867e+16"," 7.975898e+13"," 8.155323e-02"," 7.646109e-11"," 1.620432e+01"," 4.240300e+16"," 3.974423e+13"," 4.802710e-02"," 6.469756e-11"," 1.915064e+01"," 2.021923e+16"," 1.986756e+13"," 2.770159e-02"," 5.607102e-11"," 2.209698e+01"," 9.621495e+15"," 9.952863e+12"," 1.572772e-02"," 4.947428e-11"," 2.504331e+01"," 4.582918e+15"," 4.993605e+12"," 8.819353e-03"," 4.426637e-11"," 2.798965e+01"
" 1.636205e+00"," 2.266059e+03"," 1.942375e+04"," 1.759741e+18"," 3.727219e+15"," 3.437538e-01"," 8.477291e-10"," 1.461552e+00"," 1.428113e+18"," 1.474626e+15"," 4.080052e-01"," 2.825675e-10"," 4.384793e+00"," 7.639333e+17"," 6.910174e+14"," 3.186556e-01"," 1.695405e-10"," 7.307988e+00"," 3.836921e+17"," 3.372878e+14"," 2.177516e-01"," 1.211004e-10"," 1.023118e+01"," 1.890490e+17"," 1.674002e+14"," 1.389508e-01"," 9.418883e-11"," 1.315443e+01"," 9.226277e+16"," 8.379710e+13"," 8.501279e-02"," 7.706314e-11"," 1.607772e+01"," 4.468916e+16"," 4.215772e+13"," 5.054557e-02"," 6.520699e-11"," 1.900103e+01"," 2.152077e+16"," 2.127711e+13"," 2.943516e-02"," 5.651252e-11"," 2.192434e+01"," 1.034348e+16"," 1.076190e+13"," 1.687332e-02"," 4.986384e-11"," 2.484766e+01"," 4.960338e+15"," 5.451731e+12"," 9.553239e-03"," 4.461492e-11"," 2.777098e+01"
" 1.647509e+00"," 2.297479e+03"," 1.956349e+04"," 1.754087e+18"," 3.739709e+15"," 3.421900e-01"," 8.544571e-10"," 1.450043e+00"," 1.435316e+18"," 1.492096e+15"," 4.095882e-01"," 2.848101e-10"," 4.350267e+00"," 7.741404e+17"," 7.055605e+14"," 3.228001e-01"," 1.708861e-10"," 7.250445e+00"," 3.927435e+17"," 3.475934e+14"," 2.226379e-01"," 1.220615e-10"," 1.015062e+01"," 1.952558e+17"," 1.741402e+14"," 1.434073e-01"," 9.493636e-11"," 1.305085e+01"," 9.614250e+16"," 8.799772e+13"," 8.857141e-02"," 7.767475e-11"," 1.595113e+01"," 4.701093e+16"," 4.469262e+13"," 5.316290e-02"," 6.572451e-11"," 1.885142e+01"," 2.286947e+16"," 2.277189e+13"," 3.125502e-02"," 5.696103e-11"," 2.175171e+01"," 1.108446e+16"," 1.162818e+13"," 1.808798e-02"," 5.025959e-11"," 2.465201e+01"," 5.382227e+15"," 5.947015e+12"," 1.033908e-02"," 4.496901e-11"," 2.755231e+01"
" 1.658915e+00"," 2.329402e+03"," 1.970450e+04"," 1.741736e+18"," 3.752092e+15"," 3.405982e-01"," 8.612928e-10"," 1.438535e+00"," 1.440040e+18"," 1.509581e+15"," 4.110992e-01"," 2.870886e-10"," 4.315741e+00"," 7.835660e+17"," 7.202551e+14"," 3.269078e-01"," 1.722532e-10"," 7.192902e+00"," 4.018308e+17"," 3.581061e+14"," 2.275509e-01"," 1.230380e-10"," 1.007006e+01"," 2.015943e+17"," 1.810816e+14"," 1.479400e-01"," 9.569585e-11"," 1.294727e+01"," 1.002372e+17"," 9.236527e+13"," 9.222960e-02"," 7.829615e-11"," 1.582453e+01"," 4.946376e+16"," 4.735353e+13"," 5.588106e-02"," 6.625030e-11"," 1.870180e+01"," 2.431840e+16"," 2.435604e+13"," 3.316399e-02"," 5.741672e-11"," 2.157908e+01"," 1.189523e+16"," 1.255505e+13"," 1.937476e-02"," 5.066167e-11"," 2.445636e+01"," 5.830435e+15"," 6.482031e+12"," 1.117979e-02"," 4.532876e-11"," 2.733364e+01"
" 1.670426e+00"," 2.361839e+03"," 1.984680e+04"," 1.733681e+18"," 3.764366e+15"," 3.389788e-01"," 8.682387e-10"," 1.427027e+00"," 1.446097e+18"," 1.527078e+15"," 4.125373e-01"," 2.894038e-10"," 4.281215e+00"," 7.939066e+17"," 7.350994e+14"," 3.309761e-01"," 1.736423e-10"," 7.135358e+00"," 4.108852e+17"," 3.688265e+14"," 2.324881e-01"," 1.240302e-10"," 9.989502e+00"," 2.080524e+17"," 1.882274e+14"," 1.525478e-01"," 9.646759e-11"," 1.284369e+01"," 1.046007e+17"," 9.690417e+13"," 9.598773e-02"," 7.892757e-11"," 1.569794e+01"," 5.205577e+16"," 5.014513e+13"," 5.870197e-02"," 6.678458e-11"," 1.855219e+01"," 2.585035e+16"," 2.603378e+13"," 3.516488e-02"," 5.787976e-11"," 2.140645e+01"," 1.276843e+16"," 1.354602e+13"," 2.073678e-02"," 5.107023e-11"," 2.426071e+01"," 6.299566e+15"," 7.059492e+12"," 1.207835e-02"," 4.569432e-11"," 2.711497e+01"
" 1.682043e+00"," 2.394805e+03"," 1.999043e+04"," 1.724798e+18"," 3.776533e+15"," 3.373318e-01"," 8.752976e-10"," 1.415519e+00"," 1.451392e+18"," 1.544586e+15"," 4.139017e-01"," 2.917567e-10"," 4.246689e+00"," 8.041483e+17"," 7.500914e+14"," 3.350026e-01"," 1.750540e-10"," 7.077815e+00"," 4.198278e+17"," 3.797554e+14"," 2.374466e-01"," 1.250386e-10"," 9.908941e+00"," 2.144390e+17"," 1.955807e+14"," 1.572289e-01"," 9.725188e-11"," 1.274011e+01"," 1.086537e+17"," 1.016189e+14"," 9.984608e-02"," 7.956926e-11"," 1.557134e+01"," 5.469251e+16"," 5.307217e+13"," 6.162745e-02"," 6.732754e-11"," 1.840257e+01"," 2.734000e+16"," 2.780952e+13"," 3.726051e-02"," 5.835033e-11"," 2.123381e+01"," 1.367110e+16"," 1.460476e+13"," 2.217724e-02"," 5.148543e-11"," 2.406506e+01"," 6.821585e+15"," 7.682260e+12"," 1.303787e-02"," 4.606581e-11"," 2.689630e+01"
" 1.693769e+00"," 2.428310e+03"," 2.013539e+04"," 1.718092e+18"," 3.788592e+15"," 3.356577e-01"," 8.824721e-10"," 1.404010e+00"," 1.459180e+18"," 1.562100e+15"," 4.151918e-01"," 2.941481e-10"," 4.212163e+00"," 8.150272e+17"," 7.652290e+14"," 3.389848e-01"," 1.764889e-10"," 7.020272e+00"," 4.282160e+17"," 3.908933e+14"," 2.424237e-01"," 1.260635e-10"," 9.828381e+00"," 2.213905e+17"," 2.031445e+14"," 1.619818e-01"," 9.804903e-11"," 1.263654e+01"," 1.131403e+17"," 1.065138e+14"," 1.038048e-01"," 8.022147e-11"," 1.544474e+01"," 5.749516e+16"," 5.613950e+13"," 6.465925e-02"," 6.787941e-11"," 1.825296e+01"," 2.902855e+16"," 2.968775e+13"," 3.945366e-02"," 5.882861e-11"," 2.106118e+01"," 1.464415e+16"," 1.573508e+13"," 2.369937e-02"," 5.190744e-11"," 2.386941e+01"," 7.366926e+15"," 8.353346e+12"," 1.406154e-02"," 4.644340e-11"," 2.667763e+01"
" 1.705606e+00"," 2.462370e+03"," 2.028174e+04"," 1.711095e+18"," 3.800544e+15"," 3.339566e-01"," 8.897653e-10"," 1.392502e+00"," 1.465524e+18"," 1.579618e+15"," 4.164067e-01"," 2.965791e-10"," 4.177637e+00"," 8.241792e+17"," 7.805101e+14"," 3.429200e-01"," 1.779475e-10"," 6.962729e+00"," 4.375251e+17"," 4.022406e+14"," 2.474163e-01"," 1.271053e-10"," 9.747820e+00"," 2.281487e+17"," 2.109217e+14"," 1.668046e-01"," 9.885935e-11"," 1.253296e+01"," 1.177006e+17"," 1.115935e+14"," 1.078638e-01"," 8.088445e-11"," 1.531815e+01"," 6.038973e+16"," 5.935206e+13"," 6.779902e-02"," 6.844040e-11"," 1.810334e+01"," 3.073859e+16"," 3.167313e+13"," 4.174712e-02"," 5.931479e-11"," 2.088855e+01"," 1.564050e+16"," 1.694095e+13"," 2.530643e-02"," 5.233643e-11"," 2.367376e+01"," 7.961848e+15"," 9.075919e+12"," 1.515265e-02"," 4.682723e-11"," 2.645896e+01"
" 1.717556e+00"," 2.496997e+03"," 2.042949e+04"," 1.701777e+18"," 3.812388e+15"," 3.322287e-01"," 8.971800e-10"," 1.380994e+00"," 1.470337e+18"," 1.597139e+15"," 4.175457e-01"," 2.990506e-10"," 4.143111e+00"," 8.339495e+17"," 7.959324e+14"," 3.468058e-01"," 1.794304e-10"," 6.905186e+00"," 4.468783e+17"," 4.137976e+14"," 2.524214e-01"," 1.281646e-10"," 9.667260e+00"," 2.350943e+17"," 2.189154e+14"," 1.716955e-01"," 9.968318e-11"," 1.242938e+01"," 1.223149e+17"," 1.168623e+14"," 1.120231e-01"," 8.155849e-11"," 1.519155e+01"," 6.322011e+16"," 6.271485e+13"," 7.104833e-02"," 6.901073e-11"," 1.795373e+01"," 3.256153e+16"," 3.377043e+13"," 4.414362e-02"," 5.980908e-11"," 2.071592e+01"," 1.672852e+16"," 1.822649e+13"," 2.700176e-02"," 5.277257e-11"," 2.347811e+01"," 8.566827e+15"," 9.853309e+12"," 1.631458e-02"," 4.721746e-11"," 2.624029e+01"
" 1.729623e+00"," 2.532206e+03"," 2.057868e+04"," 1.693319e+18"," 3.824124e+15"," 3.304744e-01"," 9.047193e-10"," 1.369486e+00"," 1.468100e+18"," 1.614658e+15"," 4.186081e-01"," 3.015636e-10"," 4.108585e+00"," 8.441191e+17"," 8.114937e+14"," 3.506396e-01"," 1.809382e-10"," 6.847642e+00"," 4.561756e+17"," 4.255646e+14"," 2.574361e-01"," 1.292416e-10"," 9.586699e+00"," 2.418055e+17"," 2.271281e+14"," 1.766523e-01"," 1.005209e-10"," 1.232580e+01"," 1.271481e+17"," 1.223249e+14"," 1.162822e-01"," 8.224386e-11"," 1.506495e+01"," 6.629722e+16"," 6.623294e+13"," 7.440862e-02"," 6.959065e-11"," 1.780411e+01"," 3.442099e+16"," 3.598455e+13"," 4.664587e-02"," 6.031168e-11"," 2.054328e+01"," 1.787053e+16"," 1.959599e+13"," 2.878870e-02"," 5.321604e-11"," 2.328246e+01"," 9.240587e+15"," 1.068901e+13"," 1.755080e-02"," 4.761424e-11"," 2.602162e+01"
" 1.741809e+00"," 2.568012e+03"," 2.072934e+04"," 1.683223e+18"," 3.835753e+15"," 3.286938e-01"," 9.123864e-10"," 1.357977e+00"," 1.472396e+18"," 1.632174e+15"," 4.195932e-01"," 3.041193e-10"," 4.074059e+00"," 8.543838e+17"," 8.271914e+14"," 3.544189e-01"," 1.824716e-10"," 6.790099e+00"," 4.654513e+17"," 4.375415e+14"," 2.624571e-01"," 1.303368e-10"," 9.506139e+00"," 2.489274e+17"," 2.355627e+14"," 1.816728e-01"," 1.013727e-10"," 1.222222e+01"," 1.320112e+17"," 1.279855e+14"," 1.206408e-01"," 8.294084e-11"," 1.493836e+01"," 6.945185e+16"," 6.991149e+13"," 7.788123e-02"," 7.018041e-11"," 1.765450e+01"," 3.640794e+16"," 3.832054e+13"," 4.925653e-02"," 6.082280e-11"," 2.037065e+01"," 1.907569e+16"," 2.105391e+13"," 3.067062e-02"," 5.366702e-11"," 2.308680e+01"," 9.945367e+15"," 1.158669e+13"," 1.886488e-02"," 4.801775e-11"," 2.580296e+01"
" 1.754116e+00"," 2.604429e+03"," 2.088151e+04"," 1.675594e+18"," 3.847275e+15"," 3.268873e-01"," 9.201846e-10"," 1.346469e+00"," 1.476849e+18"," 1.649683e+15"," 4.205005e-01"," 3.067186e-10"," 4.039534e+00"," 8.634451e+17"," 8.430232e+14"," 3.581412e-01"," 1.840311e-10"," 6.732556e+00"," 4.741509e+17"," 4.497284e+14"," 2.674811e-01"," 1.314508e-10"," 9.425578e+00"," 2.561566e+17"," 2.442217e+14"," 1.867547e-01"," 1.022392e-10"," 1.211864e+01"," 1.373040e+17"," 1.338486e+14"," 1.250983e-01"," 8.364974e-11"," 1.481176e+01"," 7.276350e+16"," 7.375570e+13"," 8.146738e-02"," 7.078024e-11"," 1.750489e+01"," 3.852206e+16"," 4.078355e+13"," 5.197818e-02"," 6.134265e-11"," 2.019802e+01"," 2.028962e+16"," 2.260485e+13"," 3.265091e-02"," 5.412571e-11"," 2.289115e+01"," 1.070648e+16"," 1.255019e+13"," 2.026043e-02"," 4.842816e-11"," 2.558429e+01"
" 1.766547e+00"," 2.641475e+03"," 2.103521e+04"," 1.663052e+18"," 3.858690e+15"," 3.250550e-01"," 9.281172e-10"," 1.334961e+00"," 1.479495e+18"," 1.667183e+15"," 4.213291e-01"," 3.093627e-10"," 4.005008e+00"," 8.725065e+17"," 8.589864e+14"," 3.618039e-01"," 1.856176e-10"," 6.675013e+00"," 4.834548e+17"," 4.621251e+14"," 2.725050e-01"," 1.325840e-10"," 9.345018e+00"," 2.635126e+17"," 2.531077e+14"," 1.918955e-01"," 1.031205e-10"," 1.201507e+01"," 1.419858e+17"," 1.399187e+14"," 1.296538e-01"," 8.437085e-11"," 1.468517e+01"," 7.618280e+16"," 7.777086e+13"," 8.516814e-02"," 7.139041e-11"," 1.735527e+01"," 4.067237e+16"," 4.337889e+13"," 5.481338e-02"," 6.187147e-11"," 2.002539e+01"," 2.162278e+16"," 2.425359e+13"," 3.473296e-02"," 5.459231e-11"," 2.269550e+01"," 1.150588e+16"," 1.358353e+13"," 2.174119e-02"," 4.884565e-11"," 2.536562e+01"
" 1.779106e+00"," 2.679165e+03"," 2.119048e+04"," 1.655133e+18"," 3.869998e+15"," 3.231971e-01"," 9.361878e-10"," 1.323452e+00"," 1.483410e+18"," 1.684672e+15"," 4.220785e-01"," 3.120528e-10"," 3.970482e+00"," 8.822525e+17"," 8.750785e+14"," 3.654044e-01"," 1.872317e-10"," 6.617469e+00"," 4.927608e+17"," 4.747313e+14"," 2.775253e-01"," 1.337369e-10"," 9.264457e+00"," 2.706011e+17"," 2.622231e+14"," 1.970926e-01"," 1.040172e-10"," 1.191149e+01"," 1.473306e+17"," 1.462002e+14"," 1.343066e-01"," 8.510451e-11"," 1.455857e+01"," 7.965471e+16"," 8.196228e+13"," 8.898445e-02"," 7.201120e-11"," 1.720566e+01"," 4.293701e+16"," 4.611195e+13"," 5.776456e-02"," 6.240948e-11"," 1.985275e+01"," 2.303547e+16"," 2.600508e+13"," 3.692019e-02"," 5.506703e-11"," 2.249985e+01"," 1.236587e+16"," 1.469092e+13"," 2.331091e-02"," 4.927039e-11"," 2.514695e+01"
" 1.791794e+00"," 2.717517e+03"," 2.134736e+04"," 1.646213e+18"," 3.881199e+15"," 3.213141e-01"," 9.444000e-10"," 1.311944e+00"," 1.487323e+18"," 1.702146e+15"," 4.227482e-01"," 3.147901e-10"," 3.935956e+00"," 8.880358e+17"," 8.912967e+14"," 3.689403e-01"," 1.888741e-10"," 6.559926e+00"," 5.018753e+17"," 4.875465e+14"," 2.825386e-01"," 1.349101e-10"," 9.183897e+00"," 2.780755e+17"," 2.715702e+14"," 2.023431e-01"," 1.049297e-10"," 1.180791e+01"," 1.527159e+17"," 1.526973e+14"," 1.390553e-01"," 8.585104e-11"," 1.443197e+01"," 8.326197e+16"," 8.633534e+13"," 9.291712e-02"," 7.264288e-11"," 1.705604e+01"," 4.520488e+16"," 4.898828e+13"," 6.083411e-02"," 6.295693e-11"," 1.968012e+01"," 2.453339e+16"," 2.786444e+13"," 3.921597e-02"," 5.555007e-11"," 2.230420e+01"," 1.327561e+16"," 1.587674e+13"," 2.497346e-02"," 4.970259e-11"," 2.492828e+01"
" 1.804616e+00"," 2.756547e+03"," 2.150588e+04"," 1.636732e+18"," 3.892294e+15"," 3.194059e-01"," 9.527575e-10"," 1.300436e+00"," 1.487562e+18"," 1.719603e+15"," 4.233375e-01"," 3.175759e-10"," 3.901430e+00"," 8.971555e+17"," 9.076381e+14"," 3.724089e-01"," 1.905455e-10"," 6.502383e+00"," 5.112731e+17"," 5.005702e+14"," 2.875414e-01"," 1.361039e-10"," 9.103336e+00"," 2.855955e+17"," 2.811512e+14"," 2.076442e-01"," 1.058582e-10"," 1.170433e+01"," 1.580834e+17"," 1.594144e+14"," 1.438989e-01"," 8.661079e-11"," 1.430538e+01"," 8.715631e+16"," 9.089547e+13"," 9.696677e-02"," 7.328573e-11"," 1.690643e+01"," 4.766484e+16"," 5.201352e+13"," 6.402430e-02"," 6.351407e-11"," 1.950749e+01"," 2.605016e+16"," 2.983694e+13"," 4.162369e-02"," 5.604167e-11"," 2.210855e+01"," 1.424992e+16"," 1.714558e+13"," 2.673271e-02"," 5.014243e-11"," 2.470961e+01"
" 1.817573e+00"," 2.796274e+03"," 2.166609e+04"," 1.628428e+18"," 3.903282e+15"," 3.174730e-01"," 9.612643e-10"," 1.288928e+00"," 1.490495e+18"," 1.737040e+15"," 4.238459e-01"," 3.204114e-10"," 3.866904e+00"," 9.052021e+17"," 9.241000e+14"," 3.758079e-01"," 1.922468e-10"," 6.444840e+00"," 5.193435e+17"," 5.138018e+14"," 2.925301e-01"," 1.373192e-10"," 9.022776e+00"," 2.935768e+17"," 2.909682e+14"," 2.129928e-01"," 1.068034e-10"," 1.160075e+01"," 1.637124e+17"," 1.663557e+14"," 1.488358e-01"," 8.738410e-11"," 1.417878e+01"," 9.097053e+16"," 9.564810e+13"," 1.011339e-01"," 7.394007e-11"," 1.675681e+01"," 5.023322e+16"," 5.519344e+13"," 6.733729e-02"," 6.408116e-11"," 1.933486e+01"," 2.770371e+16"," 3.192803e+13"," 4.414667e-02"," 5.654204e-11"," 2.191290e+01"," 1.523798e+16"," 1.850221e+13"," 2.859263e-02"," 5.059013e-11"," 2.449094e+01"
" 1.830670e+00"," 2.836716e+03"," 2.182801e+04"," 1.615843e+18"," 3.914163e+15"," 3.155156e-01"," 9.699243e-10"," 1.277419e+00"," 1.492451e+18"," 1.754454e+15"," 4.242728e-01"," 3.232980e-10"," 3.832378e+00"," 9.143988e+17"," 9.406792e+14"," 3.791346e-01"," 1.939788e-10"," 6.387297e+00"," 5.290346e+17"," 5.272403e+14"," 2.975011e-01"," 1.385563e-10"," 8.942215e+00"," 3.003674e+17"," 3.010230e+14"," 2.183857e-01"," 1.077656e-10"," 1.149718e+01"," 1.696336e+17"," 1.735255e+14"," 1.538643e-01"," 8.817134e-11"," 1.405218e+01"," 9.499698e+16"," 1.005987e+14"," 1.054187e-01"," 7.460620e-11"," 1.660720e+01"," 5.289794e+16"," 5.853391e+13"," 7.077514e-02"," 6.465847e-11"," 1.916222e+01"," 2.938877e+16"," 3.414332e+13"," 4.678822e-02"," 5.705143e-11"," 2.171725e+01"," 1.632876e+16"," 1.995161e+13"," 3.055719e-02"," 5.104590e-11"," 2.427227e+01"
" 1.843909e+00"," 2.877895e+03"," 2.199170e+04"," 1.607336e+18"," 3.924938e+15"," 3.135338e-01"," 9.787418e-10"," 1.265911e+00"," 1.493328e+18"," 1.771843e+15"," 4.246178e-01"," 3.262370e-10"," 3.797852e+00"," 9.224916e+17"," 9.573728e+14"," 3.823866e-01"," 1.957422e-10"," 6.329753e+00"," 5.379804e+17"," 5.408849e+14"," 3.024506e-01"," 1.398159e-10"," 8.861655e+00"," 3.081628e+17"," 3.113177e+14"," 2.238195e-01"," 1.087453e-10"," 1.139360e+01"," 1.751842e+17"," 1.809278e+14"," 1.589826e-01"," 8.897290e-11"," 1.392559e+01"," 9.917395e+16"," 1.057529e+14"," 1.098214e-01"," 7.528443e-11"," 1.645759e+01"," 5.566239e+16"," 6.204092e+13"," 7.433975e-02"," 6.524627e-11"," 1.898959e+01"," 3.122149e+16"," 3.648859e+13"," 4.955159e-02"," 5.757008e-11"," 2.152160e+01"," 1.746770e+16"," 2.149895e+13"," 3.263040e-02"," 5.150996e-11"," 2.405360e+01"
" 1.857294e+00"," 2.919828e+03"," 2.215718e+04"," 1.597731e+18"," 3.935606e+15"," 3.115280e-01"," 9.877211e-10"," 1.254403e+00"," 1.495333e+18"," 1.789205e+15"," 4.248804e-01"," 3.292300e-10"," 3.763326e+00"," 9.312164e+17"," 9.741777e+14"," 3.855614e-01"," 1.975380e-10"," 6.272210e+00"," 5.468376e+17"," 5.547344e+14"," 3.073750e-01"," 1.410986e-10"," 8.781094e+00"," 3.160006e+17"," 3.218538e+14"," 2.292907e-01"," 1.097429e-10"," 1.129002e+01"," 1.811845e+17"," 1.885667e+14"," 1.641887e-01"," 8.978917e-11"," 1.379899e+01"," 1.030400e+17"," 1.111160e+14"," 1.143419e-01"," 7.597512e-11"," 1.630797e+01"," 5.845716e+16"," 6.572053e+13"," 7.803290e-02"," 6.584486e-11"," 1.881696e+01"," 3.300894e+16"," 3.896979e+13"," 5.243996e-02"," 5.809824e-11"," 2.132595e+01"," 1.864749e+16"," 2.314961e+13"," 3.481630e-02"," 5.198252e-11"," 2.383493e+01"
" 1.870829e+00"," 2.962539e+03"," 2.232451e+04"," 1.587359e+18"," 3.946169e+15"," 3.094983e-01"," 9.968667e-10"," 1.242894e+00"," 1.495803e+18"," 1.806535e+15"," 4.250600e-01"," 3.322785e-10"," 3.728800e+00"," 9.383613e+17"," 9.910906e+14"," 3.886566e-01"," 1.993671e-10"," 6.214667e+00"," 5.563930e+17"," 5.687875e+14"," 3.122704e-01"," 1.424051e-10"," 8.700534e+00"," 3.240458e+17"," 3.326329e+14"," 2.347958e-01"," 1.107591e-10"," 1.118644e+01"," 1.874342e+17"," 1.964463e+14"," 1.694803e-01"," 9.062055e-11"," 1.367240e+01"," 1.074308e+17"," 1.166937e+14"," 1.189799e-01"," 7.667859e-11"," 1.615836e+01"," 6.142312e+16"," 6.957893e+13"," 8.185622e-02"," 6.645454e-11"," 1.864432e+01"," 3.500456e+16"," 4.159302e+13"," 5.545644e-02"," 5.863619e-11"," 2.113030e+01"," 1.992798e+16"," 2.490916e+13"," 3.711892e-02"," 5.246384e-11"," 2.361626e+01"
" 1.884516e+00"," 3.006047e+03"," 2.249374e+04"," 1.574877e+18"," 3.956625e+15"," 3.074451e-01"," 1.006183e-09"," 1.231386e+00"," 1.494226e+18"," 1.823832e+15"," 4.251564e-01"," 3.353839e-10"," 3.694274e+00"," 9.454278e+17"," 1.008108e+15"," 3.916696e-01"," 2.012303e-10"," 6.157124e+00"," 5.650166e+17"," 5.830430e+14"," 3.171329e-01"," 1.437359e-10"," 8.619973e+00"," 3.319451e+17"," 3.436564e+14"," 2.403309e-01"," 1.117942e-10"," 1.108286e+01"," 1.933771e+17"," 2.045703e+14"," 1.748550e-01"," 9.146747e-11"," 1.354580e+01"," 1.117911e+17"," 1.224915e+14"," 1.237349e-01"," 7.739521e-11"," 1.600874e+01"," 6.445191e+16"," 7.362237e+13"," 8.581115e-02"," 6.707561e-11"," 1.847169e+01"," 3.704707e+16"," 4.436454e+13"," 5.860404e-02"," 5.918419e-11"," 2.093465e+01"," 2.127675e+16"," 2.678340e+13"," 3.954230e-02"," 5.295416e-11"," 2.339760e+01"
" 1.898361e+00"," 3.050377e+03"," 2.266489e+04"," 1.566821e+18"," 3.966975e+15"," 3.053685e-01"," 1.015675e-09"," 1.219878e+00"," 1.497330e+18"," 1.841092e+15"," 4.251690e-01"," 3.385479e-10"," 3.659748e+00"," 9.533236e+17"," 1.025227e+15"," 3.945980e-01"," 2.031287e-10"," 6.099581e+00"," 5.742202e+17"," 5.974992e+14"," 3.219587e-01"," 1.450919e-10"," 8.539413e+00"," 3.401173e+17"," 3.549255e+14"," 2.458921e-01"," 1.128489e-10"," 1.097928e+01"," 1.998779e+17"," 2.129427e+14"," 1.803102e-01"," 9.233037e-11"," 1.341920e+01"," 1.164507e+17"," 1.285149e+14"," 1.286061e-01"," 7.812536e-11"," 1.585913e+01"," 6.769163e+16"," 7.785719e+13"," 8.989897e-02"," 6.770840e-11"," 1.829906e+01"," 3.919909e+16"," 4.729078e+13"," 6.188568e-02"," 5.974253e-11"," 2.073899e+01"," 2.272317e+16"," 2.877831e+13"," 4.209046e-02"," 5.345373e-11"," 2.317893e+01"
" 1.912366e+00"," 3.095550e+03"," 2.283803e+04"," 1.556288e+18"," 3.977220e+15"," 3.032689e-01"," 1.025349e-09"," 1.208370e+00"," 1.497809e+18"," 1.858314e+15"," 4.250974e-01"," 3.417721e-10"," 3.625222e+00"," 9.610806e+17"," 1.042444e+15"," 3.974394e-01"," 2.050633e-10"," 6.042037e+00"," 5.845398e+17"," 6.121545e+14"," 3.267438e-01"," 1.464738e-10"," 8.458852e+00"," 3.479311e+17"," 3.664415e+14"," 2.514753e-01"," 1.139236e-10"," 1.087571e+01"," 2.061653e+17"," 2.215670e+14"," 1.858429e-01"," 9.320970e-11"," 1.329261e+01"," 1.212559e+17"," 1.347694e+14"," 1.335927e-01"," 7.886941e-11"," 1.570951e+01"," 7.104452e+16"," 8.228980e+13"," 9.412077e-02"," 6.835324e-11"," 1.812643e+01"," 4.140480e+16"," 5.037831e+13"," 6.530414e-02"," 6.031151e-11"," 2.054334e+01"," 2.415412e+16"," 3.090010e+13"," 4.476738e-02"," 5.396281e-11"," 2.296026e+01"
" 1.926535e+00"," 3.141593e+03"," 2.301319e+04"," 1.546220e+18"," 3.987359e+15"," 3.011463e-01"," 1.035208e-09"," 1.196861e+00"," 1.496528e+18"," 1.875493e+15"," 4.249414e-01"," 3.450584e-10"," 3.590696e+00"," 9.681462e+17"," 1.059755e+15"," 4.001914e-01"," 2.070350e-10"," 5.984494e+00"," 5.931088e+17"," 6.270071e+14"," 3.314841e-01"," 1.478822e-10"," 8.378292e+00"," 3.562607e+17"," 3.782051e+14"," 2.570764e-01"," 1.150191e-10"," 1.077213e+01"," 2.129556e+17"," 2.304469e+14"," 1.914502e-01"," 9.410595e-11"," 1.316601e+01"," 1.258110e+17"," 1.412605e+14"," 1.386935e-01"," 7.962777e-11"," 1.555990e+01"," 7.426926e+16"," 8.692670e+13"," 9.847743e-02"," 6.901048e-11"," 1.795379e+01"," 4.375315e+16"," 5.363385e+13"," 6.886208e-02"," 6.089143e-11"," 2.034769e+01"," 2.573808e+16"," 3.315516e+13"," 4.757700e-02"," 5.448168e-11"," 2.274159e+01"
" 1.940874e+00"," 3.188530e+03"," 2.319043e+04"," 1.535542e+18"," 3.997392e+15"," 2.990012e-01"," 1.045258e-09"," 1.185353e+00"," 1.496431e+18"," 1.892629e+15"," 4.247005e-01"," 3.484085e-10"," 3.556171e+00"," 9.743106e+17"," 1.077157e+15"," 4.028517e-01"," 2.090451e-10"," 5.926951e+00"," 6.022711e+17"," 6.420549e+14"," 3.361757e-01"," 1.493179e-10"," 8.297731e+00"," 3.634605e+17"," 3.902172e+14"," 2.626909e-01"," 1.161357e-10"," 1.066855e+01"," 2.186311e+17"," 2.395858e+14"," 1.971287e-01"," 9.501960e-11"," 1.303941e+01"," 1.307015e+17"," 1.479935e+14"," 1.439071e-01"," 8.040085e-11"," 1.541028e+01"," 7.781159e+16"," 9.177442e+13"," 1.029696e-01"," 6.968049e-11"," 1.778116e+01"," 4.628408e+16"," 5.706426e+13"," 7.256200e-02"," 6.148260e-11"," 2.015204e+01"," 2.739581e+16"," 3.555012e+13"," 5.052320e-02"," 5.501063e-11"," 2.252292e+01"
" 1.955385e+00"," 3.236387e+03"," 2.336981e+04"," 1.523027e+18"," 4.007320e+15"," 2.968336e-01"," 1.055506e-09"," 1.173845e+00"," 1.497637e+18"," 1.909717e+15"," 4.243745e-01"," 3.518243e-10"," 3.521645e+00"," 9.812816e+17"," 1.094646e+15"," 4.054178e-01"," 2.110946e-10"," 5.869408e+00"," 6.084046e+17"," 6.572958e+14"," 3.408144e-01"," 1.507818e-10"," 8.217171e+00"," 3.718763e+17"," 4.024784e+14"," 2.683145e-01"," 1.172743e-10"," 1.056497e+01"," 2.252885e+17"," 2.489870e+14"," 2.028750e-01"," 9.595117e-11"," 1.291282e+01"," 1.358460e+17"," 1.549740e+14"," 1.492318e-01"," 8.118910e-11"," 1.526067e+01"," 8.142131e+16"," 9.683956e+13"," 1.075977e-01"," 7.036363e-11"," 1.760853e+01"," 4.879583e+16"," 6.067655e+13"," 7.640625e-02"," 6.208538e-11"," 1.995639e+01"," 2.916389e+16"," 3.809179e+13"," 5.360978e-02"," 5.554995e-11"," 2.230425e+01"
" 1.970073e+00"," 3.285191e+03"," 2.355137e+04"," 1.512550e+18"," 4.017143e+15"," 2.946440e-01"," 1.065956e-09"," 1.162336e+00"," 1.494994e+18"," 1.926754e+15"," 4.239630e-01"," 3.553077e-10"," 3.487119e+00"," 9.884586e+17"," 1.112218e+15"," 4.078875e-01"," 2.131846e-10"," 5.811865e+00"," 6.173839e+17"," 6.727276e+14"," 3.453962e-01"," 1.522747e-10"," 8.136610e+00"," 3.801829e+17"," 4.149891e+14"," 2.739426e-01"," 1.184355e-10"," 1.046139e+01"," 2.320791e+17"," 2.586538e+14"," 2.086853e-01"," 9.690118e-11"," 1.278622e+01"," 1.408988e+17"," 1.622072e+14"," 1.546656e-01"," 8.199295e-11"," 1.511106e+01"," 8.521200e+16"," 1.021287e+14"," 1.123620e-01"," 7.106030e-11"," 1.743590e+01"," 5.149371e+16"," 6.447786e+13"," 8.039699e-02"," 6.270008e-11"," 1.976074e+01"," 3.095401e+16"," 4.078718e+13"," 5.684045e-02"," 5.609995e-11"," 2.208558e+01"
" 1.984943e+00"," 3.334972e+03"," 2.373517e+04"," 1.500075e+18"," 4.026860e+15"," 2.924324e-01"," 1.076616e-09"," 1.150828e+00"," 1.494101e+18"," 1.943740e+15"," 4.234657e-01"," 3.588607e-10"," 3.452593e+00"," 9.949417e+17"," 1.129870e+15"," 4.102584e-01"," 2.153164e-10"," 5.754321e+00"," 6.261282e+17"," 6.883478e+14"," 3.499168e-01"," 1.537975e-10"," 8.056050e+00"," 3.883164e+17"," 4.277496e+14"," 2.795703e-01"," 1.196198e-10"," 1.035782e+01"," 2.388974e+17"," 2.685891e+14"," 2.145557e-01"," 9.787019e-11"," 1.265963e+01"," 1.461739e+17"," 1.696984e+14"," 1.602065e-01"," 8.281288e-11"," 1.496144e+01"," 8.919262e+16"," 1.076486e+14"," 1.172624e-01"," 7.177090e-11"," 1.726326e+01"," 5.410016e+16"," 6.847544e+13"," 8.453618e-02"," 6.332708e-11"," 1.956509e+01"," 3.288263e+16"," 4.364351e+13"," 6.021881e-02"," 5.666095e-11"," 2.186691e+01"
" 2.000000e+00"," 3.385758e+03"," 2.392126e+04"," 1.490397e+18"," 4.036472e+15"," 2.901991e-01"," 1.087491e-09"," 1.139320e+00"," 1.494338e+18"," 1.960670e+15"," 4.228825e-01"," 3.624856e-10"," 3.418067e+00"," 9.975878e+17"," 1.147598e+15"," 4.125284e-01"," 2.174914e-10"," 5.696778e+00"," 6.342399e+17"," 7.041537e+14"," 3.543722e-01"," 1.553510e-10"," 7.975489e+00"," 3.961751e+17"," 4.407598e+14"," 2.851928e-01"," 1.208281e-10"," 1.025424e+01"," 2.457641e+17"," 2.787959e+14"," 2.204820e-01"," 9.885878e-11"," 1.253303e+01"," 1.518319e+17"," 1.774528e+14"," 1.658518e-01"," 8.364937e-11"," 1.481183e+01"," 9.300612e+16"," 1.134059e+14"," 1.222984e-01"," 7.249586e-11"," 1.709063e+01"," 5.695652e+16"," 7.267666e+13"," 8.882556e-02"," 6.396675e-11"," 1.936944e+01"," 3.487296e+16"," 4.666820e+13"," 6.374832e-02"," 5.723328e-11"," 2.164824e+01"
