K,Brightness1,F1,wavelength1,photonEnergy1,Brightness3,F3,wavelength3,photonEnergy3,Brightness5,F5,wavelength5,photonEnergy5,Brightness7,F7,wavelength7,photonEnergy7,Brightness9,F9,wavelength9,photonEnergy9,Brightness11,F11,wavelength11,photonEnergy11,Brightness13,F13,wavelength13,photonEnergy13,Brightness15,F15,wavelength15,photonEnergy15,Brightness17,F17,wavelength17,photonEnergy17,Brightness19,F19,wavelength19,photonEnergy19
" 1.000000e+00"," 8.934251e+20"," 3.680633e-01"," 5.438150e-10"," 2.278348e+00"," 4.264134e+20"," 1.792073e-01"," 1.812703e-10"," 6.835095e+00"," 9.941236e+19"," 5.498682e-02"," 1.087610e-10"," 1.139195e+01"," 2.026603e+19"," 1.456012e-02"," 7.768575e-11"," 1.594887e+01"," 3.939009e+18"," 3.577507e-03"," 6.042181e-11"," 2.050584e+01"," 7.477679e+17"," 8.398594e-04"," 4.943007e-11"," 2.506571e+01"," 1.396415e+17"," 1.911971e-04"," 4.182529e-11"," 2.962322e+01"," 2.592833e+16"," 4.257247e-05"," 3.624846e-11"," 3.418077e+01"," 4.778356e+15"," 9.321840e-06"," 3.198382e-11"," 3.873834e+01"," 8.771179e+14"," 2.014566e-06"," 2.861703e-11"," 4.329590e+01"
" 1.007585e+00"," 8.954819e+20"," 3.691125e-01"," 5.465755e-10"," 2.266841e+00"," 4.351597e+20"," 1.829773e-01"," 1.821905e-10"," 6.800575e+00"," 1.031127e+20"," 5.719569e-02"," 1.093131e-10"," 1.133442e+01"," 2.148684e+19"," 1.543148e-02"," 7.808010e-11"," 1.586832e+01"," 4.254165e+18"," 3.863611e-03"," 6.072852e-11"," 2.040228e+01"," 8.227328e+17"," 9.242871e-04"," 4.968098e-11"," 2.493912e+01"," 1.567498e+17"," 2.144268e-04"," 4.203760e-11"," 2.947361e+01"," 2.961479e+16"," 4.865536e-05"," 3.643246e-11"," 3.400814e+01"," 5.569893e+15"," 1.085705e-05"," 3.214617e-11"," 3.854269e+01"," 1.042598e+15"," 2.391131e-06"," 2.876229e-11"," 4.307723e+01"
" 1.015191e+00"," 8.961991e+20"," 3.701163e-01"," 5.493642e-10"," 2.255335e+00"," 4.431217e+20"," 1.867621e-01"," 1.831200e-10"," 6.766054e+00"," 1.071525e+20"," 5.946002e-02"," 1.098708e-10"," 1.127688e+01"," 2.277556e+19"," 1.634235e-02"," 7.847847e-11"," 1.578777e+01"," 4.588496e+18"," 4.168482e-03"," 6.103836e-11"," 2.029871e+01"," 9.048611e+17"," 1.015983e-03"," 4.993446e-11"," 2.481252e+01"," 1.757433e+17"," 2.401394e-04"," 4.225208e-11"," 2.932400e+01"," 3.381818e+16"," 5.551709e-05"," 3.661834e-11"," 3.383551e+01"," 6.467756e+15"," 1.262188e-05"," 3.231018e-11"," 3.834705e+01"," 1.234549e+15"," 2.832271e-06"," 2.890904e-11"," 4.285857e+01"
" 1.022817e+00"," 8.972263e+20"," 3.710749e-01"," 5.521814e-10"," 2.243828e+00"," 4.516835e+20"," 1.905604e-01"," 1.840591e-10"," 6.731533e+00"," 1.112652e+20"," 6.178000e-02"," 1.104342e-10"," 1.121935e+01"," 2.400648e+19"," 1.729385e-02"," 7.888092e-11"," 1.570722e+01"," 4.949590e+18"," 4.493055e-03"," 6.135137e-11"," 2.019515e+01"," 9.938501e+17"," 1.115460e-03"," 5.019053e-11"," 2.468593e+01"," 1.966207e+17"," 2.685626e-04"," 4.246876e-11"," 2.917439e+01"," 3.855156e+16"," 6.324549e-05"," 3.680612e-11"," 3.366288e+01"," 7.508833e+15"," 1.464712e-05"," 3.247587e-11"," 3.815140e+01"," 1.460631e+15"," 3.348048e-06"," 2.905729e-11"," 4.263990e+01"
" 1.030464e+00"," 8.969685e+20"," 3.719886e-01"," 5.550277e-10"," 2.232321e+00"," 4.607727e+20"," 1.943710e-01"," 1.850079e-10"," 6.697013e+00"," 1.155016e+20"," 6.415580e-02"," 1.110035e-10"," 1.116181e+01"," 2.538848e+19"," 1.828708e-02"," 7.928752e-11"," 1.562667e+01"," 5.321495e+18"," 4.838290e-03"," 6.166056e-11"," 2.009388e+01"," 1.090837e+18"," 1.223261e-03"," 5.044925e-11"," 2.455934e+01"," 2.196792e+17"," 2.999408e-04"," 4.268767e-11"," 2.902477e+01"," 4.390749e+16"," 7.193687e-05"," 3.699585e-11"," 3.349025e+01"," 8.704458e+15"," 1.696722e-05"," 3.264328e-11"," 3.795575e+01"," 1.724443e+15"," 3.949932e-06"," 2.920707e-11"," 4.242124e+01"
" 1.038133e+00"," 8.973160e+20"," 3.728577e-01"," 5.579035e-10"," 2.220814e+00"," 4.693106e+20"," 1.981925e-01"," 1.859665e-10"," 6.662492e+00"," 1.197308e+20"," 6.658754e-02"," 1.115786e-10"," 1.110428e+01"," 2.682369e+19"," 1.932316e-02"," 7.969834e-11"," 1.554612e+01"," 5.726942e+18"," 5.205177e-03"," 6.198005e-11"," 1.999030e+01"," 1.191711e+18"," 1.339954e-03"," 5.071064e-11"," 2.443274e+01"," 2.447890e+17"," 3.345370e-04"," 4.290885e-11"," 2.887516e+01"," 4.990032e+16"," 8.169668e-05"," 3.718753e-11"," 3.331762e+01"," 1.007603e+16"," 1.962061e-05"," 3.281241e-11"," 3.776010e+01"," 2.034702e+15"," 4.650971e-06"," 2.935840e-11"," 4.220257e+01"
" 1.045825e+00"," 8.975525e+20"," 3.736823e-01"," 5.608092e-10"," 2.209307e+00"," 4.779730e+20"," 2.020237e-01"," 1.869350e-10"," 6.627971e+00"," 1.241972e+20"," 6.907530e-02"," 1.121598e-10"," 1.104674e+01"," 2.829866e+19"," 2.040321e-02"," 8.011343e-11"," 1.546557e+01"," 6.155063e+18"," 5.594735e-03"," 6.230286e-11"," 1.988673e+01"," 1.304867e+18"," 1.466139e-03"," 5.097476e-11"," 2.430615e+01"," 2.729483e+17"," 3.726328e-04"," 4.313233e-11"," 2.872555e+01"," 5.644840e+16"," 9.264026e-05"," 3.738122e-11"," 3.314499e+01"," 1.162447e+16"," 2.265014e-05"," 3.298331e-11"," 3.756445e+01"," 2.386718e+15"," 5.465983e-06"," 2.951131e-11"," 4.198390e+01"
" 1.053541e+00"," 8.976409e+20"," 3.744627e-01"," 5.637454e-10"," 2.197801e+00"," 4.868572e+20"," 2.058633e-01"," 1.879137e-10"," 6.593451e+00"," 1.287037e+20"," 7.161911e-02"," 1.127470e-10"," 1.098921e+01"," 2.987148e+19"," 2.152833e-02"," 8.053288e-11"," 1.538502e+01"," 6.609767e+18"," 6.008009e-03"," 6.262905e-11"," 1.978315e+01"," 1.426981e+18"," 1.602444e-03"," 5.124164e-11"," 2.417955e+01"," 3.037819e+17"," 4.145301e-04"," 4.335816e-11"," 2.857594e+01"," 6.397733e+16"," 1.048935e-04"," 3.757693e-11"," 3.297236e+01"," 1.341944e+16"," 2.610348e-05"," 3.315600e-11"," 3.736881e+01"," 2.801762e+15"," 6.411769e-06"," 2.966582e-11"," 4.176524e+01"
" 1.061280e+00"," 8.936552e+20"," 3.751992e-01"," 5.667125e-10"," 2.186294e+00"," 4.943513e+20"," 2.097099e-01"," 1.889028e-10"," 6.558930e+00"," 1.331498e+20"," 7.421899e-02"," 1.133404e-10"," 1.093167e+01"," 3.147192e+19"," 2.269964e-02"," 8.095673e-11"," 1.530447e+01"," 7.089429e+18"," 6.446071e-03"," 6.295868e-11"," 1.967957e+01"," 1.557968e+18"," 1.749529e-03"," 5.151134e-11"," 2.405296e+01"," 3.374723e+17"," 4.605517e-04"," 4.358636e-11"," 2.842633e+01"," 7.234801e+16"," 1.185938e-04"," 3.777471e-11"," 3.279973e+01"," 1.544033e+16"," 3.003361e-05"," 3.333050e-11"," 3.717316e+01"," 3.281630e+15"," 7.507341e-06"," 2.982196e-11"," 4.154657e+01"
" 1.069045e+00"," 8.939591e+20"," 3.758919e-01"," 5.697110e-10"," 2.174787e+00"," 5.030684e+20"," 2.135622e-01"," 1.899023e-10"," 6.524409e+00"," 1.378664e+20"," 7.687490e-02"," 1.139401e-10"," 1.087414e+01"," 3.317041e+19"," 2.391823e-02"," 8.138508e-11"," 1.522392e+01"," 7.604878e+18"," 6.910020e-03"," 6.329180e-11"," 1.957600e+01"," 1.701232e+18"," 1.908083e-03"," 5.178388e-11"," 2.392636e+01"," 3.751265e+17"," 5.110428e-04"," 4.381697e-11"," 2.827671e+01"," 8.179926e+16"," 1.338908e-04"," 3.797457e-11"," 3.262710e+01"," 1.776454e+16"," 3.449930e-05"," 3.350685e-11"," 3.697751e+01"," 3.842813e+15"," 8.774178e-06"," 2.997974e-11"," 4.132790e+01"
" 1.076835e+00"," 8.940135e+20"," 3.765412e-01"," 5.727413e-10"," 2.163280e+00"," 5.115333e+20"," 2.174189e-01"," 1.909124e-10"," 6.489888e+00"," 1.427726e+20"," 7.958674e-02"," 1.145462e-10"," 1.081660e+01"," 3.495139e+19"," 2.518520e-02"," 8.181798e-11"," 1.514337e+01"," 8.150775e+18"," 7.400982e-03"," 6.362845e-11"," 1.947242e+01"," 1.853768e+18"," 2.078831e-03"," 5.205933e-11"," 2.379977e+01"," 4.159328e+17"," 5.663718e-04"," 4.405004e-11"," 2.812710e+01"," 9.230703e+16"," 1.509469e-04"," 3.817656e-11"," 3.245447e+01"," 2.039701e+16"," 3.956564e-05"," 3.368508e-11"," 3.678186e+01"," 4.484411e+15"," 1.023651e-05"," 3.013921e-11"," 4.110924e+01"
" 1.084652e+00"," 8.934486e+20"," 3.771473e-01"," 5.758041e-10"," 2.151773e+00"," 5.203111e+20"," 2.212787e-01"," 1.919333e-10"," 6.455368e+00"," 1.476802e+20"," 8.235440e-02"," 1.151587e-10"," 1.075907e+01"," 3.675304e+19"," 2.650162e-02"," 8.225551e-11"," 1.506282e+01"," 8.725411e+18"," 7.920109e-03"," 6.396871e-11"," 1.936884e+01"," 2.018918e+18"," 2.262527e-03"," 5.233772e-11"," 2.367317e+01"," 4.591792e+17"," 6.269312e-04"," 4.428560e-11"," 2.797749e+01"," 1.037997e+17"," 1.699391e-04"," 3.838072e-11"," 3.228184e+01"," 2.330570e+16"," 4.530461e-05"," 3.386522e-11"," 3.658621e+01"," 5.227277e+15"," 1.192161e-05"," 3.030038e-11"," 4.089057e+01"
" 1.092496e+00"," 8.932470e+20"," 3.777105e-01"," 5.788999e-10"," 2.140267e+00"," 5.285329e+20"," 2.251402e-01"," 1.929652e-10"," 6.420847e+00"," 1.526420e+20"," 8.517770e-02"," 1.157778e-10"," 1.070153e+01"," 3.864071e+19"," 2.786856e-02"," 8.269774e-11"," 1.498227e+01"," 9.330877e+18"," 8.468577e-03"," 6.431263e-11"," 1.926527e+01"," 2.192316e+18"," 2.459961e-03"," 5.261911e-11"," 2.354658e+01"," 5.081243e+17"," 6.931392e-04"," 4.452370e-11"," 2.782788e+01"," 1.168092e+17"," 1.910588e-04"," 3.858707e-11"," 3.210921e+01"," 2.670077e+16"," 5.179575e-05"," 3.404729e-11"," 3.639056e+01"," 6.081623e+15"," 1.386016e-05"," 3.046329e-11"," 4.067191e+01"
" 1.100368e+00"," 8.920695e+20"," 3.782309e-01"," 5.820290e-10"," 2.128760e+00"," 5.369819e+20"," 2.290020e-01"," 1.940082e-10"," 6.386326e+00"," 1.579239e+20"," 8.805644e-02"," 1.164037e-10"," 1.064400e+01"," 4.062493e+19"," 2.928709e-02"," 8.314475e-11"," 1.490172e+01"," 9.943445e+18"," 9.047586e-03"," 6.466027e-11"," 1.916169e+01"," 2.383234e+18"," 2.671957e-03"," 5.290353e-11"," 2.341999e+01"," 5.614192e+17"," 7.654407e-04"," 4.476437e-11"," 2.767826e+01"," 1.313431e+17"," 2.145137e-04"," 3.879564e-11"," 3.193658e+01"," 3.048011e+16"," 5.912674e-05"," 3.423133e-11"," 3.619492e+01"," 7.065015e+15"," 1.608656e-05"," 3.062795e-11"," 4.045324e+01"
" 1.108269e+00"," 8.916883e+20"," 3.787089e-01"," 5.851922e-10"," 2.117253e+00"," 5.455566e+20"," 2.328629e-01"," 1.950626e-10"," 6.351806e+00"," 1.631528e+20"," 9.099035e-02"," 1.170363e-10"," 1.058646e+01"," 4.256639e+19"," 3.075824e-02"," 8.359663e-11"," 1.482117e+01"," 1.061428e+19"," 9.658363e-03"," 6.501168e-11"," 1.905811e+01"," 2.585837e+18"," 2.899373e-03"," 5.319105e-11"," 2.329339e+01"," 6.193286e+17"," 8.443082e-04"," 4.500765e-11"," 2.752865e+01"," 1.473450e+17"," 2.405284e-04"," 3.900649e-11"," 3.176395e+01"," 3.477846e+16"," 6.739415e-05"," 3.441737e-11"," 3.599927e+01"," 8.179243e+15"," 1.863939e-05"," 3.079441e-11"," 4.023457e+01"
" 1.116200e+00"," 8.910378e+20"," 3.791446e-01"," 5.883900e-10"," 2.105746e+00"," 5.534507e+20"," 2.367215e-01"," 1.961286e-10"," 6.317285e+00"," 1.685245e+20"," 9.397914e-02"," 1.176758e-10"," 1.052893e+01"," 4.467322e+19"," 3.228305e-02"," 8.405344e-11"," 1.474062e+01"," 1.132439e+19"," 1.030215e-02"," 6.536694e-11"," 1.895454e+01"," 2.803011e+18"," 3.143103e-03"," 5.348172e-11"," 2.316680e+01"," 6.830325e+17"," 9.302431e-04"," 4.525359e-11"," 2.737904e+01"," 1.652548e+17"," 2.693457e-04"," 3.921964e-11"," 3.159131e+01"," 3.958178e+16"," 7.670417e-05"," 3.460544e-11"," 3.580362e+01"," 9.474266e+15"," 2.156181e-05"," 3.096269e-11"," 4.001591e+01"
" 1.124160e+00"," 8.898672e+20"," 3.795383e-01"," 5.916229e-10"," 2.094239e+00"," 5.618731e+20"," 2.405763e-01"," 1.972062e-10"," 6.282764e+00"," 1.731173e+20"," 9.702246e-02"," 1.183224e-10"," 1.047139e+01"," 4.688357e+19"," 3.386252e-02"," 8.451527e-11"," 1.466007e+01"," 1.207254e+19"," 1.098023e-02"," 6.572610e-11"," 1.885096e+01"," 3.037637e+18"," 3.404075e-03"," 5.377557e-11"," 2.304020e+01"," 7.526867e+17"," 1.023777e-03"," 4.550224e-11"," 2.722943e+01"," 1.843444e+17"," 3.012275e-04"," 3.943513e-11"," 3.141868e+01"," 4.502574e+16"," 8.717343e-05"," 3.479558e-11"," 3.560797e+01"," 1.094931e+16"," 2.490201e-05"," 3.113281e-11"," 3.979724e+01"
" 1.132152e+00"," 8.889365e+20"," 3.798903e-01"," 5.948916e-10"," 2.082732e+00"," 5.705245e+20"," 2.444261e-01"," 1.982957e-10"," 6.248244e+00"," 1.785354e+20"," 1.001199e-01"," 1.189761e-10"," 1.041385e+01"," 4.915763e+19"," 3.549765e-02"," 8.498221e-11"," 1.457952e+01"," 1.284607e+19"," 1.169388e-02"," 6.608922e-11"," 1.874738e+01"," 3.289525e+18"," 3.683257e-03"," 5.407267e-11"," 2.291361e+01"," 8.264108e+17"," 1.125473e-03"," 4.575363e-11"," 2.707982e+01"," 2.061150e+17"," 3.364561e-04"," 3.965301e-11"," 3.124605e+01"," 5.113273e+16"," 9.892980e-05"," 3.498782e-11"," 3.541232e+01"," 1.263663e+16"," 2.871377e-05"," 3.130482e-11"," 3.957858e+01"
" 1.140175e+00"," 8.858167e+20"," 3.802008e-01"," 5.981965e-10"," 2.071226e+00"," 5.786871e+20"," 2.482695e-01"," 1.993974e-10"," 6.213723e+00"," 1.840605e+20"," 1.032711e-01"," 1.196371e-10"," 1.035632e+01"," 5.148570e+19"," 3.718939e-02"," 8.544454e-11"," 1.450063e+01"," 1.368444e+19"," 1.244442e-02"," 6.645638e-11"," 1.864381e+01"," 3.559477e+18"," 3.981650e-03"," 5.437308e-11"," 2.278701e+01"," 9.080001e+17"," 1.235927e-03"," 4.600782e-11"," 2.693020e+01"," 2.301256e+17"," 3.753356e-04"," 3.987330e-11"," 3.107342e+01"," 5.800516e+16"," 1.121134e-04"," 3.518220e-11"," 3.521668e+01"," 1.455128e+16"," 3.305696e-05"," 3.147873e-11"," 3.935991e+01"
" 1.148232e+00"," 8.846833e+20"," 3.804701e-01"," 6.015384e-10"," 2.059719e+00"," 5.870763e+20"," 2.521051e-01"," 2.005113e-10"," 6.179202e+00"," 1.898802e+20"," 1.064754e-01"," 1.203055e-10"," 1.029878e+01"," 5.385081e+19"," 3.893870e-02"," 8.592189e-11"," 1.442007e+01"," 1.455758e+19"," 1.323317e-02"," 6.682765e-11"," 1.854023e+01"," 3.834560e+18"," 4.300294e-03"," 5.467684e-11"," 2.266042e+01"," 9.975104e+17"," 1.355767e-03"," 4.626485e-11"," 2.678059e+01"," 2.564983e+17"," 4.181928e-04"," 4.009606e-11"," 3.090079e+01"," 6.572550e+16"," 1.268772e-04"," 3.537875e-11"," 3.502103e+01"," 1.675079e+16"," 3.799816e-05"," 3.165459e-11"," 3.914124e+01"
" 1.156321e+00"," 8.829646e+20"," 3.806983e-01"," 6.049178e-10"," 2.048212e+00"," 5.951972e+20"," 2.559315e-01"," 2.016378e-10"," 6.144682e+00"," 1.954520e+20"," 1.097325e-01"," 1.209813e-10"," 1.024125e+01"," 5.635220e+19"," 4.074650e-02"," 8.640459e-11"," 1.433952e+01"," 1.546939e+19"," 1.406148e-02"," 6.720309e-11"," 1.843665e+01"," 4.140293e+18"," 4.640266e-03"," 5.498401e-11"," 2.253382e+01"," 1.093014e+18"," 1.485657e-03"," 4.652476e-11"," 2.663098e+01"," 2.857616e+17"," 4.653787e-04"," 4.032132e-11"," 3.072816e+01"," 7.416624e+16"," 1.433888e-04"," 3.557750e-11"," 3.482538e+01"," 1.923748e+16"," 4.361131e-05"," 3.183242e-11"," 3.892258e+01"
" 1.164445e+00"," 8.821697e+20"," 3.808859e-01"," 6.083354e-10"," 2.036705e+00"," 6.017346e+20"," 2.597474e-01"," 2.027770e-10"," 6.110161e+00"," 2.012384e+20"," 1.130416e-01"," 1.216648e-10"," 1.018371e+01"," 5.891926e+19"," 4.261368e-02"," 8.689276e-11"," 1.425896e+01"," 1.640435e+19"," 1.493072e-02"," 6.758276e-11"," 1.833308e+01"," 4.463930e+18"," 5.002680e-03"," 5.529465e-11"," 2.240723e+01"," 1.197454e+18"," 1.626298e-03"," 4.678762e-11"," 2.648137e+01"," 3.174514e+17"," 5.172699e-04"," 4.054912e-11"," 3.055553e+01"," 8.379303e+16"," 1.618304e-04"," 3.577850e-11"," 3.462973e+01"," 2.207835e+16"," 4.997839e-05"," 3.201227e-11"," 3.870391e+01"
" 1.172604e+00"," 8.804348e+20"," 3.810329e-01"," 6.117919e-10"," 2.025198e+00"," 6.100734e+20"," 2.635515e-01"," 2.039291e-10"," 6.075640e+00"," 2.070026e+20"," 1.164023e-01"," 1.223561e-10"," 1.012618e+01"," 6.157892e+19"," 4.454109e-02"," 8.738646e-11"," 1.417840e+01"," 1.742381e+19"," 1.584226e-02"," 6.796676e-11"," 1.822950e+01"," 4.804597e+18"," 5.388687e-03"," 5.560883e-11"," 2.228063e+01"," 1.311058e+18"," 1.778426e-03"," 4.705345e-11"," 2.633175e+01"," 3.526647e+17"," 5.742697e-04"," 4.077951e-11"," 3.038290e+01"," 9.451357e+16"," 1.824009e-04"," 3.598179e-11"," 3.443408e+01"," 2.522528e+16"," 5.719013e-05"," 3.219416e-11"," 3.848524e+01"
" 1.180799e+00"," 8.776789e+20"," 3.811396e-01"," 6.152878e-10"," 2.013692e+00"," 6.182155e+20"," 2.673422e-01"," 2.050944e-10"," 6.041120e+00"," 2.131132e+20"," 1.198137e-01"," 1.230553e-10"," 1.006864e+01"," 6.434616e+19"," 4.652959e-02"," 8.788582e-11"," 1.409784e+01"," 1.847367e+19"," 1.679750e-02"," 6.835514e-11"," 1.812592e+01"," 5.175856e+18"," 5.799478e-03"," 5.592659e-11"," 2.215404e+01"," 1.429290e+18"," 1.942817e-03"," 4.732233e-11"," 2.618214e+01"," 3.916862e+17"," 6.368099e-04"," 4.101254e-11"," 3.021027e+01"," 1.065086e+17"," 2.053166e-04"," 3.618740e-11"," 3.423843e+01"," 2.886868e+16"," 6.534687e-05"," 3.237812e-11"," 3.826658e+01"
" 1.189030e+00"," 8.771728e+20"," 3.812063e-01"," 6.188240e-10"," 2.002185e+00"," 6.261827e+20"," 2.711183e-01"," 2.062731e-10"," 6.006599e+00"," 2.188023e+20"," 1.232753e-01"," 1.237483e-10"," 1.001226e+01"," 6.717563e+19"," 4.857995e-02"," 8.839091e-11"," 1.401728e+01"," 1.957844e+19"," 1.779784e-02"," 6.874798e-11"," 1.802235e+01"," 5.567705e+18"," 6.236279e-03"," 5.624801e-11"," 2.202745e+01"," 1.560753e+18"," 2.120285e-03"," 4.759430e-11"," 2.603253e+01"," 4.338205e+17"," 7.053519e-04"," 4.124824e-11"," 3.003764e+01"," 1.196891e+17"," 2.308123e-04"," 3.639538e-11"," 3.404279e+01"," 3.296048e+16"," 7.455939e-05"," 3.256420e-11"," 3.804791e+01"
" 1.197299e+00"," 8.757483e+20"," 3.812333e-01"," 6.224010e-10"," 1.990678e+00"," 6.348028e+20"," 2.748784e-01"," 2.074655e-10"," 5.972078e+00"," 2.248653e+20"," 1.267861e-01"," 1.244636e-10"," 9.954716e+00"," 6.980875e+19"," 5.069295e-02"," 8.890184e-11"," 1.393672e+01"," 2.072217e+19"," 1.884468e-02"," 6.914537e-11"," 1.791877e+01"," 5.987990e+18"," 6.700354e-03"," 5.657314e-11"," 2.190085e+01"," 1.703227e+18"," 2.311687e-03"," 4.786941e-11"," 2.588292e+01"," 4.805388e+17"," 7.803883e-04"," 4.148667e-11"," 2.986501e+01"," 1.345449e+17"," 2.591429e-04"," 3.660575e-11"," 3.384714e+01"," 3.760969e+16"," 8.494977e-05"," 3.275244e-11"," 3.782925e+01"
" 1.205607e+00"," 8.745445e+20"," 3.812207e-01"," 6.260196e-10"," 1.979171e+00"," 6.424495e+20"," 2.786212e-01"," 2.086477e-10"," 5.938240e+00"," 2.309723e+20"," 1.303455e-01"," 1.251873e-10"," 9.897174e+00"," 7.280716e+19"," 5.286933e-02"," 8.941871e-11"," 1.385616e+01"," 2.192401e+19"," 1.993946e-02"," 6.954738e-11"," 1.781519e+01"," 6.417808e+18"," 7.193005e-03"," 5.690206e-11"," 2.177426e+01"," 1.854615e+18"," 2.517919e-03"," 4.814772e-11"," 2.573331e+01"," 5.300503e+17"," 8.624446e-04"," 4.172787e-11"," 2.969238e+01"," 1.509977e+17"," 2.905849e-04"," 3.681858e-11"," 3.365149e+01"," 4.277357e+16"," 9.665246e-05"," 3.294286e-11"," 3.761058e+01"
" 1.213954e+00"," 8.697940e+20"," 3.811689e-01"," 6.296805e-10"," 1.967664e+00"," 6.495094e+20"," 2.823452e-01"," 2.098679e-10"," 5.903715e+00"," 2.370873e+20"," 1.339525e-01"," 1.259193e-10"," 9.839632e+00"," 7.585482e+19"," 5.510976e-02"," 8.994162e-11"," 1.377560e+01"," 2.318666e+19"," 2.108359e-02"," 6.995409e-11"," 1.771162e+01"," 6.888766e+18"," 7.715571e-03"," 5.723482e-11"," 2.164766e+01"," 2.019347e+18"," 2.739920e-03"," 4.842929e-11"," 2.558369e+01"," 5.856109e+17"," 9.520804e-04"," 4.197190e-11"," 2.951975e+01"," 1.693489e+17"," 3.254371e-04"," 3.703389e-11"," 3.345584e+01"," 4.869134e+16"," 1.098152e-04"," 3.313551e-11"," 3.739191e+01"
" 1.222341e+00"," 8.673979e+20"," 3.810781e-01"," 6.333846e-10"," 1.956158e+00"," 6.573067e+20"," 2.860491e-01"," 2.111024e-10"," 5.869190e+00"," 2.435231e+20"," 1.376062e-01"," 1.266600e-10"," 9.782091e+00"," 7.905905e+19"," 5.741490e-02"," 9.047069e-11"," 1.369504e+01"," 2.450478e+19"," 2.227852e-02"," 7.036558e-11"," 1.760804e+01"," 7.388973e+18"," 8.269426e-03"," 5.757149e-11"," 2.152107e+01"," 2.196785e+18"," 2.978673e-03"," 4.871416e-11"," 2.543408e+01"," 6.465517e+17"," 1.049891e-03"," 4.221879e-11"," 2.934712e+01"," 1.896546e+17"," 3.640229e-04"," 3.725174e-11"," 3.326019e+01"," 5.526190e+16"," 1.246004e-04"," 3.333042e-11"," 3.717325e+01"
" 1.230769e+00"," 8.651162e+20"," 3.809484e-01"," 6.371324e-10"," 1.944651e+00"," 6.648099e+20"," 2.897315e-01"," 2.123515e-10"," 5.834666e+00"," 2.499520e+20"," 1.413058e-01"," 1.274095e-10"," 9.724549e+00"," 8.236294e+19"," 5.978536e-02"," 9.100602e-11"," 1.361448e+01"," 2.588693e+19"," 2.352567e-02"," 7.078195e-11"," 1.750446e+01"," 7.911209e+18"," 8.855982e-03"," 5.791215e-11"," 2.139447e+01"," 2.383793e+18"," 3.235206e-03"," 4.900241e-11"," 2.528447e+01"," 7.128146e+17"," 1.156509e-03"," 4.246860e-11"," 2.917449e+01"," 2.114375e+17"," 4.066914e-04"," 3.747216e-11"," 3.306455e+01"," 6.272271e+16"," 1.411857e-04"," 3.352764e-11"," 3.695458e+01"
" 1.239239e+00"," 8.620460e+20"," 3.807802e-01"," 6.408511e-10"," 1.933366e+00"," 6.726641e+20"," 2.933911e-01"," 2.136155e-10"," 5.800141e+00"," 2.565445e+20"," 1.450501e-01"," 1.281679e-10"," 9.667007e+00"," 8.556491e+19"," 6.222171e-02"," 9.154773e-11"," 1.353392e+01"," 2.723581e+19"," 2.482649e-02"," 7.120327e-11"," 1.740089e+01"," 8.471965e+18"," 9.476685e-03"," 5.825687e-11"," 2.126788e+01"," 2.588525e+18"," 3.510592e-03"," 4.929409e-11"," 2.513486e+01"," 7.848517e+17"," 1.272607e-03"," 4.272139e-11"," 2.900186e+01"," 2.362245e+17"," 4.538187e-04"," 3.769521e-11"," 3.286890e+01"," 7.087108e+16"," 1.597660e-04"," 3.372721e-11"," 3.673592e+01"
" 1.247752e+00"," 8.599125e+20"," 3.805738e-01"," 6.446886e-10"," 1.921858e+00"," 6.796645e+20"," 2.970265e-01"," 2.148946e-10"," 5.765617e+00"," 2.623168e+20"," 1.488381e-01"," 1.289354e-10"," 9.609465e+00"," 8.897623e+19"," 6.472445e-02"," 9.209592e-11"," 1.345337e+01"," 2.873483e+19"," 2.618240e-02"," 7.162964e-11"," 1.729731e+01"," 9.064584e+18"," 1.013301e-02"," 5.860571e-11"," 2.114128e+01"," 2.809476e+18"," 3.805950e-03"," 4.958927e-11"," 2.498524e+01"," 8.622658e+17"," 1.398896e-03"," 4.297721e-11"," 2.882923e+01"," 2.635239e+17"," 5.058104e-04"," 3.792093e-11"," 3.267325e+01"," 8.020442e+16"," 1.805544e-04"," 3.392917e-11"," 3.651725e+01"
" 1.256309e+00"," 8.574819e+20"," 3.803293e-01"," 6.485722e-10"," 1.910350e+00"," 6.872608e+20"," 3.006364e-01"," 2.161892e-10"," 5.731092e+00"," 2.689747e+20"," 1.526687e-01"," 1.297121e-10"," 9.551924e+00"," 9.257976e+19"," 6.729407e-02"," 9.265071e-11"," 1.337281e+01"," 3.028160e+19"," 2.759484e-02"," 7.206114e-11"," 1.719373e+01"," 9.694738e+18"," 1.082649e-02"," 5.895876e-11"," 2.101469e+01"," 3.043747e+18"," 4.122445e-03"," 4.988800e-11"," 2.483563e+01"," 9.478105e+17"," 1.536131e-03"," 4.323611e-11"," 2.865660e+01"," 2.938076e+17"," 5.631024e-04"," 3.814937e-11"," 3.247760e+01"," 9.063925e+16"," 2.037832e-04"," 3.413356e-11"," 3.629858e+01"
" 1.264911e+00"," 8.556375e+20"," 3.800470e-01"," 6.525030e-10"," 1.898842e+00"," 6.956785e+20"," 3.042194e-01"," 2.174994e-10"," 5.696567e+00"," 2.757718e+20"," 1.565408e-01"," 1.304982e-10"," 9.494382e+00"," 9.617224e+19"," 6.993097e-02"," 9.321223e-11"," 1.329225e+01"," 3.191483e+19"," 2.906523e-02"," 7.249787e-11"," 1.709016e+01"," 1.031763e+19"," 1.155865e-02"," 5.931608e-11"," 2.088809e+01"," 3.295570e+18"," 4.461291e-03"," 5.019035e-11"," 2.468602e+01"," 1.040884e+18"," 1.685111e-03"," 4.349815e-11"," 2.848397e+01"," 3.263770e+17"," 6.261633e-04"," 3.838058e-11"," 3.228195e+01"," 1.022747e+17"," 2.297063e-04"," 3.434043e-11"," 3.607992e+01"
" 1.273558e+00"," 8.532124e+20"," 3.797271e-01"," 6.564816e-10"," 1.887334e+00"," 7.012392e+20"," 3.077742e-01"," 2.188256e-10"," 5.662043e+00"," 2.824783e+20"," 1.604532e-01"," 1.312939e-10"," 9.436840e+00"," 9.984487e+19"," 7.263555e-02"," 9.378060e-11"," 1.321169e+01"," 3.356929e+19"," 3.059498e-02"," 7.293993e-11"," 1.698658e+01"," 1.100578e+19"," 1.233108e-02"," 5.967777e-11"," 2.076150e+01"," 3.567652e+18"," 4.823750e-03"," 5.049639e-11"," 2.453641e+01"," 1.141326e+18"," 1.846678e-03"," 4.376338e-11"," 2.831134e+01"," 3.629470e+17"," 6.954959e-04"," 3.861461e-11"," 3.208630e+01"," 1.151845e+17"," 2.585998e-04"," 3.454983e-11"," 3.586125e+01"
" 1.282253e+00"," 8.497194e+20"," 3.793700e-01"," 6.605091e-10"," 1.875826e+00"," 7.082419e+20"," 3.112994e-01"," 2.201681e-10"," 5.627518e+00"," 2.889648e+20"," 1.644046e-01"," 1.320994e-10"," 9.379299e+00"," 1.037319e+20"," 7.540810e-02"," 9.435594e-11"," 1.313113e+01"," 3.533666e+19"," 3.218551e-02"," 7.338742e-11"," 1.688300e+01"," 1.174931e+19"," 1.314539e-02"," 6.004389e-11"," 2.063491e+01"," 3.844799e+18"," 5.211131e-03"," 5.080618e-11"," 2.438680e+01"," 1.251006e+18"," 2.021723e-03"," 4.403187e-11"," 2.813871e+01"," 4.030281e+17"," 7.716390e-04"," 3.885151e-11"," 3.189066e+01"," 1.296561e+17"," 2.907643e-04"," 3.476179e-11"," 3.564258e+01"
" 1.290994e+00"," 8.471339e+20"," 3.789758e-01"," 6.645863e-10"," 1.864318e+00"," 7.152408e+20"," 3.147937e-01"," 2.215272e-10"," 5.592993e+00"," 2.960418e+20"," 1.683938e-01"," 1.329149e-10"," 9.321757e+00"," 1.073547e+20"," 7.824889e-02"," 9.493838e-11"," 1.305057e+01"," 3.714569e+19"," 3.383819e-02"," 7.384043e-11"," 1.677943e+01"," 1.251658e+19"," 1.400321e-02"," 6.041453e-11"," 2.050831e+01"," 4.153894e+18"," 5.624794e-03"," 5.111980e-11"," 2.423718e+01"," 1.364769e+18"," 2.211185e-03"," 4.430367e-11"," 2.796608e+01"," 4.472725e+17"," 8.551696e-04"," 3.909133e-11"," 3.169501e+01"," 1.458692e+17"," 3.265262e-04"," 3.497637e-11"," 3.542392e+01"
" 1.299785e+00"," 8.424259e+20"," 3.785448e-01"," 6.687142e-10"," 1.852809e+00"," 7.215518e+20"," 3.182559e-01"," 2.229031e-10"," 5.558469e+00"," 3.029753e+20"," 1.724194e-01"," 1.337404e-10"," 9.264215e+00"," 1.112861e+20"," 8.115813e-02"," 9.552806e-11"," 1.297001e+01"," 3.904061e+19"," 3.555440e-02"," 7.429906e-11"," 1.667585e+01"," 1.332585e+19"," 1.490622e-02"," 6.078978e-11"," 2.038172e+01"," 4.482530e+18"," 6.066148e-03"," 5.143732e-11"," 2.408757e+01"," 1.493625e+18"," 2.416053e-03"," 4.457885e-11"," 2.779345e+01"," 4.963525e+17"," 9.467045e-04"," 3.933413e-11"," 3.149936e+01"," 1.636974e+17"," 3.662397e-04"," 3.519361e-11"," 3.520525e+01"
" 1.308625e+00"," 8.395893e+20"," 3.780773e-01"," 6.728937e-10"," 1.841301e+00"," 7.286845e+20"," 3.216845e-01"," 2.242963e-10"," 5.523944e+00"," 3.099155e+20"," 1.764800e-01"," 1.345763e-10"," 9.206673e+00"," 1.152944e+20"," 8.413596e-02"," 9.612511e-11"," 1.288945e+01"," 4.089685e+19"," 3.733550e-02"," 7.476343e-11"," 1.657227e+01"," 1.417598e+19"," 1.585610e-02"," 6.116971e-11"," 2.025512e+01"," 4.833396e+18"," 6.536649e-03"," 5.175880e-11"," 2.393796e+01"," 1.631054e+18"," 2.637367e-03"," 4.485746e-11"," 2.762082e+01"," 5.474807e+17"," 1.046903e-03"," 3.957997e-11"," 3.130371e+01"," 1.836689e+17"," 4.102886e-04"," 3.541357e-11"," 3.498659e+01"
" 1.317516e+00"," 8.368503e+20"," 3.775734e-01"," 6.771257e-10"," 1.829793e+00"," 7.352723e+20"," 3.250783e-01"," 2.257069e-10"," 5.489419e+00"," 3.164753e+20"," 1.805742e-01"," 1.354227e-10"," 9.149132e+00"," 1.194450e+20"," 8.718247e-02"," 9.672967e-11"," 1.280889e+01"," 4.292884e+19"," 3.918283e-02"," 7.523364e-11"," 1.646870e+01"," 1.508773e+19"," 1.685458e-02"," 6.155443e-11"," 2.012853e+01"," 5.206720e+18"," 7.037807e-03"," 5.208433e-11"," 2.378835e+01"," 1.779231e+18"," 2.876220e-03"," 4.513959e-11"," 2.744819e+01"," 6.055439e+17"," 1.156467e-03"," 3.982890e-11"," 3.110806e+01"," 2.052274e+17"," 4.590882e-04"," 3.563630e-11"," 3.476792e+01"
" 1.326459e+00"," 8.339770e+20"," 3.770335e-01"," 6.814113e-10"," 1.818285e+00"," 7.413034e+20"," 3.284360e-01"," 2.271355e-10"," 5.454895e+00"," 3.241663e+20"," 1.847006e-01"," 1.362798e-10"," 9.091590e+00"," 1.236729e+20"," 9.029769e-02"," 9.734188e-11"," 1.272833e+01"," 4.502240e+19"," 4.109768e-02"," 7.570981e-11"," 1.636512e+01"," 1.599930e+19"," 1.790338e-02"," 6.194401e-11"," 2.000193e+01"," 5.608962e+18"," 7.571178e-03"," 5.241397e-11"," 2.363873e+01"," 1.942297e+18"," 3.133760e-03"," 4.542528e-11"," 2.727556e+01"," 6.682713e+17"," 1.276147e-03"," 4.008098e-11"," 3.091242e+01"," 2.297227e+17"," 5.130875e-04"," 3.586185e-11"," 3.454925e+01"
" 1.335455e+00"," 8.303624e+20"," 3.764577e-01"," 6.857515e-10"," 1.806777e+00"," 7.479337e+20"," 3.317562e-01"," 2.285822e-10"," 5.420370e+00"," 3.310661e+20"," 1.888576e-01"," 1.371478e-10"," 9.034048e+00"," 1.278621e+20"," 9.348156e-02"," 9.796190e-11"," 1.264777e+01"," 4.721760e+19"," 4.308134e-02"," 7.619203e-11"," 1.626154e+01"," 1.698315e+19"," 1.900428e-02"," 6.233856e-11"," 1.987534e+01"," 6.020867e+18"," 8.138368e-03"," 5.274782e-11"," 2.348912e+01"," 2.111552e+18"," 3.411191e-03"," 4.571461e-11"," 2.710293e+01"," 7.380725e+17"," 1.406738e-03"," 4.033628e-11"," 3.071677e+01"," 2.567067e+17"," 5.727711e-04"," 3.609027e-11"," 3.433059e+01"
" 1.344504e+00"," 8.262467e+20"," 3.758464e-01"," 6.901474e-10"," 1.795269e+00"," 7.545594e+20"," 3.350377e-01"," 2.300475e-10"," 5.385845e+00"," 3.381079e+20"," 1.930437e-01"," 1.380270e-10"," 8.976507e+00"," 1.322313e+20"," 9.673400e-02"," 9.858986e-11"," 1.256722e+01"," 4.940899e+19"," 4.513507e-02"," 7.668044e-11"," 1.615797e+01"," 1.801668e+19"," 2.015904e-02"," 6.273817e-11"," 1.974874e+01"," 6.468895e+18"," 8.741032e-03"," 5.308595e-11"," 2.333951e+01"," 2.298493e+18"," 3.709772e-03"," 4.600765e-11"," 2.693030e+01"," 8.125988e+17"," 1.549090e-03"," 4.059484e-11"," 3.052112e+01"," 2.866534e+17"," 6.386615e-04"," 3.632161e-11"," 3.411192e+01"
" 1.353609e+00"," 8.225530e+20"," 3.751998e-01"," 6.945999e-10"," 1.783761e+00"," 7.606404e+20"," 3.382793e-01"," 2.315316e-10"," 5.351321e+00"," 3.451211e+20"," 1.972572e-01"," 1.389175e-10"," 8.918965e+00"," 1.368504e+20"," 1.000548e-01"," 9.922592e-11"," 1.248666e+01"," 5.173793e+19"," 4.726008e-02"," 7.717516e-11"," 1.605439e+01"," 1.910396e+19"," 2.136946e-02"," 6.314293e-11"," 1.962215e+01"," 6.949835e+18"," 9.380876e-03"," 5.342844e-11"," 2.318990e+01"," 2.501612e+18"," 4.030823e-03"," 4.630448e-11"," 2.675767e+01"," 8.944840e+17"," 1.704100e-03"," 4.085674e-11"," 3.032547e+01"," 3.192065e+17"," 7.113215e-04"," 3.655595e-11"," 3.389326e+01"
" 1.362770e+00"," 8.189597e+20"," 3.745180e-01"," 6.991103e-10"," 1.772252e+00"," 7.680317e+20"," 3.414796e-01"," 2.330351e-10"," 5.316796e+00"," 3.523973e+20"," 2.014965e-01"," 1.398195e-10"," 8.861423e+00"," 1.413810e+20"," 1.034438e-01"," 9.987025e-11"," 1.240610e+01"," 5.418946e+19"," 4.945755e-02"," 7.767629e-11"," 1.595081e+01"," 2.024710e+19"," 2.263735e-02"," 6.355295e-11"," 1.949556e+01"," 7.452127e+18"," 1.005965e-02"," 5.377538e-11"," 2.304029e+01"," 2.716665e+18"," 4.375722e-03"," 4.660516e-11"," 2.658504e+01"," 9.840083e+17"," 1.872724e-03"," 4.112205e-11"," 3.012982e+01"," 3.558115e+17"," 7.913560e-04"," 3.679332e-11"," 3.367459e+01"
" 1.371989e+00"," 8.156104e+20"," 3.738015e-01"," 7.036797e-10"," 1.760744e+00"," 7.741926e+20"," 3.446374e-01"," 2.345582e-10"," 5.282271e+00"," 3.594097e+20"," 2.057600e-01"," 1.407334e-10"," 8.803881e+00"," 1.460455e+20"," 1.069006e-01"," 1.005230e-10"," 1.232554e+01"," 5.669253e+19"," 5.172862e-02"," 7.818398e-11"," 1.584724e+01"," 2.145334e+19"," 2.396452e-02"," 6.396833e-11"," 1.936896e+01"," 7.993222e+18"," 1.077915e-02"," 5.412685e-11"," 2.289067e+01"," 2.948340e+18"," 4.745907e-03"," 4.690977e-11"," 2.641241e+01"," 1.081109e+18"," 2.055972e-03"," 4.139082e-11"," 2.993417e+01"," 3.958457e+17"," 8.794152e-04"," 3.703380e-11"," 3.345592e+01"
" 1.381266e+00"," 8.119602e+20"," 3.730504e-01"," 7.083091e-10"," 1.749236e+00"," 7.806509e+20"," 3.477515e-01"," 2.361013e-10"," 5.247747e+00"," 3.666957e+20"," 2.100459e-01"," 1.416593e-10"," 8.746340e+00"," 1.509639e+20"," 1.104249e-01"," 1.011843e-10"," 1.224498e+01"," 5.934945e+19"," 5.407440e-02"," 7.869835e-11"," 1.574366e+01"," 2.270737e+19"," 2.535280e-02"," 6.438917e-11"," 1.924237e+01"," 8.568322e+18"," 1.154123e-02"," 5.448295e-11"," 2.274106e+01"," 3.201380e+18"," 5.142877e-03"," 4.721838e-11"," 2.623978e+01"," 1.188493e+18"," 2.254914e-03"," 4.166313e-11"," 2.973853e+01"," 4.399803e+17"," 9.761965e-04"," 3.727744e-11"," 3.323726e+01"
" 1.390602e+00"," 8.044778e+20"," 3.722649e-01"," 7.129999e-10"," 1.737728e+00"," 7.827688e+20"," 3.508206e-01"," 2.376649e-10"," 5.213222e+00"," 3.724221e+20"," 2.143524e-01"," 1.425974e-10"," 8.688798e+00"," 1.552823e+20"," 1.140161e-01"," 1.018544e-10"," 1.216442e+01"," 6.175681e+19"," 5.649593e-02"," 7.921953e-11"," 1.564008e+01"," 2.393768e+19"," 2.680403e-02"," 6.481559e-11"," 1.911577e+01"," 9.144913e+18"," 1.234778e-02"," 5.484376e-11"," 2.259145e+01"," 3.458594e+18"," 5.568196e-03"," 4.753109e-11"," 2.606715e+01"," 1.299714e+18"," 2.470681e-03"," 4.193904e-11"," 2.954288e+01"," 4.868878e+17"," 1.082447e-03"," 3.752432e-11"," 3.301859e+01"
" 1.400000e+00"," 8.003357e+20"," 3.714454e-01"," 7.177533e-10"," 1.726220e+00"," 7.881333e+20"," 3.538435e-01"," 2.392493e-10"," 5.178697e+00"," 3.795816e+20"," 2.186777e-01"," 1.435480e-10"," 8.631256e+00"," 1.602130e+20"," 1.176739e-01"," 1.025335e-10"," 1.208386e+01"," 6.449276e+19"," 5.899422e-02"," 7.974766e-11"," 1.553651e+01"," 2.530374e+19"," 2.832002e-02"," 6.524769e-11"," 1.898918e+01"," 9.781670e+18"," 1.320072e-02"," 5.520939e-11"," 2.244184e+01"," 3.744329e+18"," 6.023487e-03"," 4.784796e-11"," 2.589452e+01"," 1.424098e+18"," 2.704464e-03"," 4.221864e-11"," 2.934723e+01"," 5.402483e+17"," 1.198967e-03"," 3.777448e-11"," 3.279992e+01"
" 1.409460e+00"," 7.963673e+20"," 3.705920e-01"," 7.225704e-10"," 1.714712e+00"," 7.945232e+20"," 3.568190e-01"," 2.408551e-10"," 5.144173e+00"," 3.868562e+20"," 2.230200e-01"," 1.445115e-10"," 8.573715e+00"," 1.652349e+20"," 1.213975e-01"," 1.032216e-10"," 1.200330e+01"," 6.730074e+19"," 6.157023e-02"," 8.028288e-11"," 1.543293e+01"," 2.672601e+19"," 2.990263e-02"," 6.568560e-11"," 1.886258e+01"," 1.044424e+19"," 1.410204e-02"," 5.557992e-11"," 2.229222e+01"," 4.048152e+18"," 6.510439e-03"," 4.816909e-11"," 2.572189e+01"," 1.559284e+18"," 2.957522e-03"," 4.250198e-11"," 2.915158e+01"," 5.986176e+17"," 1.326610e-03"," 3.802800e-11"," 3.258126e+01"
" 1.418983e+00"," 7.931521e+20"," 3.697050e-01"," 7.274526e-10"," 1.703204e+00"," 7.991766e+20"," 3.597459e-01"," 2.424824e-10"," 5.109648e+00"," 3.939509e+20"," 2.273774e-01"," 1.454879e-10"," 8.516173e+00"," 1.704499e+20"," 1.251864e-01"," 1.039190e-10"," 1.192274e+01"," 7.024668e+19"," 6.422484e-02"," 8.082533e-11"," 1.532935e+01"," 2.817820e+19"," 3.155366e-02"," 6.612942e-11"," 1.873599e+01"," 1.116161e+19"," 1.505375e-02"," 5.595546e-11"," 2.214261e+01"," 4.375369e+18"," 7.030804e-03"," 4.849455e-11"," 2.554926e+01"," 1.705453e+18"," 3.231181e-03"," 4.278916e-11"," 2.895593e+01"," 6.625037e+17"," 1.466290e-03"," 3.828494e-11"," 3.236259e+01"
" 1.428571e+00"," 7.878525e+20"," 3.687846e-01"," 7.324013e-10"," 1.691696e+00"," 8.040377e+20"," 3.626230e-01"," 2.441320e-10"," 5.075124e+00"," 4.012666e+20"," 2.317479e-01"," 1.464776e-10"," 8.458631e+00"," 1.755417e+20"," 1.290396e-01"," 1.046260e-10"," 1.184218e+01"," 7.315367e+19"," 6.695890e-02"," 8.137517e-11"," 1.522578e+01"," 2.974822e+19"," 3.327495e-02"," 6.657928e-11"," 1.860939e+01"," 1.191273e+19"," 1.605792e-02"," 5.633611e-11"," 2.199300e+01"," 4.727945e+18"," 7.586398e-03"," 4.882445e-11"," 2.537663e+01"," 1.861339e+18"," 3.526832e-03"," 4.308024e-11"," 2.876029e+01"," 7.311753e+17"," 1.618979e-03"," 3.854539e-11"," 3.214393e+01"
" 1.438226e+00"," 7.835898e+20"," 3.678312e-01"," 7.374177e-10"," 1.680187e+00"," 8.093812e+20"," 3.654491e-01"," 2.458041e-10"," 5.040599e+00"," 4.084420e+20"," 2.361296e-01"," 1.474809e-10"," 8.401090e+00"," 1.805811e+20"," 1.329565e-01"," 1.053426e-10"," 1.176162e+01"," 7.628001e+19"," 6.977318e-02"," 8.193253e-11"," 1.512220e+01"," 3.136609e+19"," 3.506830e-02"," 6.703530e-11"," 1.848280e+01"," 1.268370e+19"," 1.711662e-02"," 5.672197e-11"," 2.184339e+01"," 5.092520e+18"," 8.179101e-03"," 4.915886e-11"," 2.520400e+01"," 2.031070e+18"," 3.845942e-03"," 4.337531e-11"," 2.856464e+01"," 8.077768e+17"," 1.785714e-03"," 3.880939e-11"," 3.192526e+01"
" 1.447947e+00"," 7.802992e+20"," 3.668449e-01"," 7.425034e-10"," 1.668679e+00"," 8.130891e+20"," 3.682230e-01"," 2.474993e-10"," 5.006074e+00"," 4.157447e+20"," 2.405205e-01"," 1.484980e-10"," 8.343548e+00"," 1.859018e+20"," 1.369361e-01"," 1.060691e-10"," 1.168107e+01"," 7.940458e+19"," 7.266839e-02"," 8.249758e-11"," 1.501862e+01"," 3.299265e+19"," 3.693550e-02"," 6.749761e-11"," 1.835620e+01"," 1.352762e+19"," 1.823199e-02"," 5.711316e-11"," 2.169378e+01"," 5.492487e+18"," 8.810858e-03"," 4.949789e-11"," 2.503137e+01"," 2.215131e+18"," 4.190045e-03"," 4.367445e-11"," 2.836899e+01"," 8.911850e+17"," 1.967597e-03"," 3.907705e-11"," 3.170659e+01"
" 1.457738e+00"," 7.754262e+20"," 3.658260e-01"," 7.476596e-10"," 1.657171e+00"," 8.175519e+20"," 3.709437e-01"," 2.492181e-10"," 4.971550e+00"," 4.220880e+20"," 2.449185e-01"," 1.495292e-10"," 8.286006e+00"," 1.913685e+20"," 1.409774e-01"," 1.068057e-10"," 1.160051e+01"," 8.267432e+19"," 7.564518e-02"," 8.307048e-11"," 1.491505e+01"," 3.476326e+19"," 3.887832e-02"," 6.796635e-11"," 1.822961e+01"," 1.441385e+19"," 1.940619e-02"," 5.750978e-11"," 2.154416e+01"," 5.915228e+18"," 9.483677e-03"," 4.984163e-11"," 2.485874e+01"," 2.414889e+18"," 4.560753e-03"," 4.397775e-11"," 2.817334e+01"," 9.834021e+17"," 2.165800e-03"," 3.934841e-11"," 3.148793e+01"
" 1.467599e+00"," 7.712676e+20"," 3.647747e-01"," 7.528880e-10"," 1.645663e+00"," 8.217848e+20"," 3.736100e-01"," 2.509609e-10"," 4.937025e+00"," 4.292881e+20"," 2.493216e-01"," 1.505749e-10"," 8.228464e+00"," 1.966824e+20"," 1.450793e-01"," 1.075526e-10"," 1.151995e+01"," 8.583215e+19"," 7.870410e-02"," 8.365139e-11"," 1.481147e+01"," 3.657914e+19"," 4.089852e-02"," 6.844164e-11"," 1.810302e+01"," 1.532816e+19"," 2.064140e-02"," 5.791194e-11"," 2.139455e+01"," 6.366453e+18"," 1.019963e-02"," 5.019017e-11"," 2.468611e+01"," 2.620735e+18"," 4.959750e-03"," 4.428528e-11"," 2.797769e+01"," 1.078716e+18"," 2.381564e-03"," 3.962358e-11"," 3.126926e+01"
" 1.477531e+00"," 7.652533e+20"," 3.636913e-01"," 7.581901e-10"," 1.634155e+00"," 8.261214e+20"," 3.762208e-01"," 2.527282e-10"," 4.902500e+00"," 4.365665e+20"," 2.537277e-01"," 1.516353e-10"," 8.170923e+00"," 2.023332e+20"," 1.492407e-01"," 1.083100e-10"," 1.143939e+01"," 8.928791e+19"," 8.184566e-02"," 8.424049e-11"," 1.470789e+01"," 3.846895e+19"," 4.299782e-02"," 6.892362e-11"," 1.797642e+01"," 1.630593e+19"," 2.193984e-02"," 5.831977e-11"," 2.124494e+01"," 6.851587e+18"," 1.096085e-02"," 5.054362e-11"," 2.451348e+01"," 2.852810e+18"," 5.388799e-03"," 4.459715e-11"," 2.778204e+01"," 1.186872e+18"," 2.616207e-03"," 3.990262e-11"," 3.105059e+01"
" 1.487537e+00"," 7.605580e+20"," 3.625761e-01"," 7.635673e-10"," 1.622647e+00"," 8.308638e+20"," 3.787749e-01"," 2.545206e-10"," 4.867976e+00"," 4.437738e+20"," 2.581347e-01"," 1.527107e-10"," 8.113381e+00"," 2.075844e+20"," 1.534603e-01"," 1.090781e-10"," 1.135883e+01"," 9.287230e+19"," 8.507026e-02"," 8.483794e-11"," 1.460432e+01"," 4.041274e+19"," 4.517791e-02"," 6.941244e-11"," 1.784983e+01"," 1.734531e+19"," 2.330375e-02"," 5.873339e-11"," 2.109533e+01"," 7.341568e+18"," 1.176953e-02"," 5.090209e-11"," 2.434085e+01"," 3.099029e+18"," 5.849742e-03"," 4.491344e-11"," 2.758640e+01"," 1.304044e+18"," 2.871122e-03"," 4.018561e-11"," 3.083193e+01"
" 1.497617e+00"," 7.557007e+20"," 3.614292e-01"," 7.690213e-10"," 1.611139e+00"," 8.349206e+20"," 3.812713e-01"," 2.563386e-10"," 4.833451e+00"," 4.502569e+20"," 2.625403e-01"," 1.538015e-10"," 8.055839e+00"," 2.133198e+20"," 1.577368e-01"," 1.098573e-10"," 1.127827e+01"," 9.644994e+19"," 8.837824e-02"," 8.544392e-11"," 1.450074e+01"," 4.246489e+19"," 4.744044e-02"," 6.990824e-11"," 1.772323e+01"," 1.835746e+19"," 2.473537e-02"," 5.915291e-11"," 2.094571e+01"," 7.884180e+18"," 1.262793e-02"," 5.126567e-11"," 2.416822e+01"," 3.364133e+18"," 6.344496e-03"," 4.523425e-11"," 2.739075e+01"," 1.432298e+18"," 3.147783e-03"," 4.047265e-11"," 3.061326e+01"
" 1.507774e+00"," 7.510152e+20"," 3.602509e-01"," 7.745539e-10"," 1.599630e+00"," 8.366808e+20"," 3.837089e-01"," 2.581828e-10"," 4.798926e+00"," 4.579722e+20"," 2.669424e-01"," 1.549080e-10"," 7.998298e+00"," 2.190613e+20"," 1.620688e-01"," 1.106476e-10"," 1.119771e+01"," 1.000659e+20"," 9.176985e-02"," 8.605863e-11"," 1.439716e+01"," 4.455412e+19"," 4.978702e-02"," 7.041118e-11"," 1.759664e+01"," 1.948033e+19"," 2.623699e-02"," 5.957847e-11"," 2.079610e+01"," 8.458852e+18"," 1.353836e-02"," 5.163449e-11"," 2.399559e+01"," 3.652075e+18"," 6.875063e-03"," 4.555968e-11"," 2.719510e+01"," 1.568186e+18"," 3.447745e-03"," 4.076382e-11"," 3.039460e+01"
" 1.518008e+00"," 7.460419e+20"," 3.590415e-01"," 7.801666e-10"," 1.588122e+00"," 8.402191e+20"," 3.860867e-01"," 2.600536e-10"," 4.764402e+00"," 4.651667e+20"," 2.713387e-01"," 1.560305e-10"," 7.940756e+00"," 2.246017e+20"," 1.664548e-01"," 1.114494e-10"," 1.111715e+01"," 1.038161e+20"," 9.524524e-02"," 8.668224e-11"," 1.429359e+01"," 4.657689e+19"," 5.221923e-02"," 7.092141e-11"," 1.747004e+01"," 2.067165e+19"," 2.781089e-02"," 6.001020e-11"," 2.064649e+01"," 9.071915e+18"," 1.450320e-02"," 5.200865e-11"," 2.382296e+01"," 3.950791e+18"," 7.443521e-03"," 4.588982e-11"," 2.699945e+01"," 1.719286e+18"," 3.772649e-03"," 4.105921e-11"," 3.017593e+01"
" 1.528321e+00"," 7.403895e+20"," 3.578013e-01"," 7.858612e-10"," 1.576614e+00"," 8.442922e+20"," 3.884035e-01"," 2.619518e-10"," 4.729877e+00"," 4.727134e+20"," 2.757270e-01"," 1.571694e-10"," 7.883214e+00"," 2.305916e+20"," 1.708932e-01"," 1.122629e-10"," 1.103659e+01"," 1.076382e+20"," 9.880448e-02"," 8.731496e-11"," 1.419001e+01"," 4.888197e+19"," 5.473858e-02"," 7.143908e-11"," 1.734345e+01"," 2.190587e+19"," 2.945936e-02"," 6.044823e-11"," 2.049688e+01"," 9.721673e+18"," 1.552486e-02"," 5.238828e-11"," 2.365033e+01"," 4.279882e+18"," 8.052034e-03"," 4.622478e-11"," 2.680380e+01"," 1.880285e+18"," 4.124222e-03"," 4.135892e-11"," 2.995726e+01"
" 1.538716e+00"," 7.358912e+20"," 3.565304e-01"," 7.916396e-10"," 1.565106e+00"," 8.469625e+20"," 3.906584e-01"," 2.638780e-10"," 4.695352e+00"," 4.780552e+20"," 2.801050e-01"," 1.583251e-10"," 7.825672e+00"," 2.366280e+20"," 1.753823e-01"," 1.130884e-10"," 1.095603e+01"," 1.116946e+20"," 1.024475e-01"," 8.795698e-11"," 1.408643e+01"," 5.121811e+19"," 5.734654e-02"," 7.196437e-11"," 1.721685e+01"," 2.319975e+19"," 3.118469e-02"," 6.089270e-11"," 2.034726e+01"," 1.039140e+19"," 1.660584e-02"," 5.277349e-11"," 2.347770e+01"," 4.629586e+18"," 8.702843e-03"," 4.656467e-11"," 2.660815e+01"," 2.058479e+18"," 4.504281e-03"," 4.166303e-11"," 2.973860e+01"
" 1.549193e+00"," 7.307558e+20"," 3.552291e-01"," 7.975036e-10"," 1.553598e+00"," 8.509699e+20"," 3.928504e-01"," 2.658326e-10"," 4.660828e+00"," 4.849642e+20"," 2.844705e-01"," 1.594978e-10"," 7.768131e+00"," 2.422479e+20"," 1.799205e-01"," 1.139261e-10"," 1.087548e+01"," 1.152889e+20"," 1.061743e-01"," 8.860851e-11"," 1.398286e+01"," 5.364950e+19"," 6.004451e-02"," 7.249744e-11"," 1.709026e+01"," 2.455295e+19"," 3.298918e-02"," 6.134376e-11"," 2.019765e+01"," 1.111282e+19"," 1.774866e-02"," 5.316440e-11"," 2.330507e+01"," 5.005486e+18"," 9.398272e-03"," 4.690960e-11"," 2.641251e+01"," 2.242060e+18"," 4.914733e-03"," 4.197164e-11"," 2.951993e+01"
" 1.559755e+00"," 7.257165e+20"," 3.538976e-01"," 8.034551e-10"," 1.542090e+00"," 8.541132e+20"," 3.949785e-01"," 2.678164e-10"," 4.626303e+00"," 4.917541e+20"," 2.888209e-01"," 1.606881e-10"," 7.710589e+00"," 2.484571e+20"," 1.845058e-01"," 1.147763e-10"," 1.079492e+01"," 1.194755e+20"," 1.099845e-01"," 8.926977e-11"," 1.387928e+01"," 5.612643e+19"," 6.283381e-02"," 7.303846e-11"," 1.696367e+01"," 2.593209e+19"," 3.487511e-02"," 6.180155e-11"," 2.004804e+01"," 1.187516e+19"," 1.895590e-02"," 5.356115e-11"," 2.313244e+01"," 5.394345e+18"," 1.014073e-02"," 4.725967e-11"," 2.621686e+01"," 2.447557e+18"," 5.357583e-03"," 4.228486e-11"," 2.930127e+01"
" 1.570403e+00"," 7.214112e+20"," 3.525362e-01"," 8.094962e-10"," 1.530582e+00"," 8.576946e+20"," 3.970416e-01"," 2.698301e-10"," 4.591778e+00"," 4.989569e+20"," 2.931541e-01"," 1.618963e-10"," 7.653047e+00"," 2.546963e+20"," 1.891364e-01"," 1.156392e-10"," 1.071436e+01"," 1.236940e+20"," 1.138778e-01"," 8.994097e-11"," 1.377570e+01"," 5.873292e+19"," 6.571573e-02"," 7.358762e-11"," 1.683707e+01"," 2.741097e+19"," 3.684477e-02"," 6.226622e-11"," 1.989843e+01"," 1.268752e+19"," 2.023019e-02"," 5.396387e-11"," 2.295981e+01"," 5.824286e+18"," 1.093270e-02"," 4.761500e-11"," 2.602121e+01"," 2.669835e+18"," 5.834927e-03"," 4.260279e-11"," 2.908260e+01"
" 1.581139e+00"," 7.139268e+20"," 3.511452e-01"," 8.156287e-10"," 1.519074e+00"," 8.595072e+20"," 3.990389e-01"," 2.718743e-10"," 4.557254e+00"," 5.056719e+20"," 2.974677e-01"," 1.631228e-10"," 7.595506e+00"," 2.609334e+20"," 1.938102e-01"," 1.165153e-10"," 1.063380e+01"," 1.279756e+20"," 1.178538e-01"," 9.062234e-11"," 1.367212e+01"," 6.139709e+19"," 6.869146e-02"," 7.414511e-11"," 1.671048e+01"," 2.894096e+19"," 3.890041e-02"," 6.273794e-11"," 1.974882e+01"," 1.355400e+19"," 2.157417e-02"," 5.437268e-11"," 2.278718e+01"," 6.283367e+18"," 1.177674e-02"," 4.797572e-11"," 2.582556e+01"," 2.909413e+18"," 6.348960e-03"," 4.292554e-11"," 2.886393e+01"
" 1.591965e+00"," 7.088787e+20"," 3.497248e-01"," 8.218549e-10"," 1.507565e+00"," 8.630499e+20"," 4.009694e-01"," 2.739496e-10"," 4.522729e+00"," 5.122238e+20"," 3.017591e-01"," 1.643680e-10"," 7.537964e+00"," 2.672193e+20"," 1.985252e-01"," 1.174047e-10"," 1.055324e+01"," 1.324491e+20"," 1.219120e-01"," 9.131412e-11"," 1.356855e+01"," 6.400803e+19"," 7.176209e-02"," 7.471110e-11"," 1.658388e+01"," 3.054910e+19"," 4.104427e-02"," 6.321685e-11"," 1.959920e+01"," 1.440914e+19"," 2.299056e-02"," 5.478774e-11"," 2.261455e+01"," 6.764269e+18"," 1.267551e-02"," 4.834195e-11"," 2.562991e+01"," 3.161790e+18"," 6.901975e-03"," 4.325322e-11"," 2.864527e+01"
" 1.602882e+00"," 7.039832e+20"," 3.482752e-01"," 8.281768e-10"," 1.496057e+00"," 8.653674e+20"," 4.028322e-01"," 2.760569e-10"," 4.488204e+00"," 5.186460e+20"," 3.060261e-01"," 1.656324e-10"," 7.480422e+00"," 2.723689e+20"," 2.032791e-01"," 1.183078e-10"," 1.047268e+01"," 1.366729e+20"," 1.260516e-01"," 9.201653e-11"," 1.346497e+01"," 6.684874e+19"," 7.492866e-02"," 7.528580e-11"," 1.645729e+01"," 3.223281e+19"," 4.327856e-02"," 6.370314e-11"," 1.944959e+01"," 1.535872e+19"," 2.448208e-02"," 5.520919e-11"," 2.244192e+01"," 7.282870e+18"," 1.363172e-02"," 4.871381e-11"," 2.543427e+01"," 3.439863e+18"," 7.496367e-03"," 4.358594e-11"," 2.842660e+01"
" 1.613893e+00"," 6.986721e+20"," 3.467967e-01"," 8.345968e-10"," 1.484549e+00"," 8.671892e+20"," 4.046263e-01"," 2.781969e-10"," 4.453680e+00"," 5.243898e+20"," 3.102661e-01"," 1.669163e-10"," 7.422880e+00"," 2.785343e+20"," 2.080697e-01"," 1.192249e-10"," 1.039212e+01"," 1.413425e+20"," 1.302719e-01"," 9.272984e-11"," 1.336139e+01"," 6.978685e+19"," 7.819209e-02"," 7.586941e-11"," 1.633069e+01"," 3.400709e+19"," 4.560546e-02"," 6.419696e-11"," 1.929998e+01"," 1.633794e+19"," 2.605150e-02"," 5.563716e-11"," 2.226929e+01"," 7.824385e+18"," 1.464817e-02"," 4.909144e-11"," 2.523862e+01"," 3.738803e+18"," 8.134627e-03"," 4.392381e-11"," 2.820793e+01"
" 1.625000e+00"," 6.925074e+20"," 3.452895e-01"," 8.411171e-10"," 1.473041e+00"," 8.690056e+20"," 4.063509e-01"," 2.803703e-10"," 4.419155e+00"," 5.310116e+20"," 3.144768e-01"," 1.682204e-10"," 7.365339e+00"," 2.850226e+20"," 2.128947e-01"," 1.201564e-10"," 1.031156e+01"," 1.459548e+20"," 1.345720e-01"," 9.345429e-11"," 1.325782e+01"," 7.281792e+19"," 8.155323e-02"," 7.646214e-11"," 1.620410e+01"," 3.572953e+19"," 4.802710e-02"," 6.469850e-11"," 1.915037e+01"," 1.740058e+19"," 2.770159e-02"," 5.607183e-11"," 2.209666e+01"," 8.414766e+18"," 1.572772e-02"," 4.947496e-11"," 2.504297e+01"," 4.058896e+18"," 8.819353e-03"," 4.426192e-11"," 2.799246e+01"
" 1.636205e+00"," 6.873091e+20"," 3.437538e-01"," 8.477401e-10"," 1.461533e+00"," 8.708286e+20"," 4.080052e-01"," 2.825780e-10"," 4.384631e+00"," 5.377985e+20"," 3.186556e-01"," 1.695449e-10"," 7.307797e+00"," 2.912330e+20"," 2.177516e-01"," 1.211025e-10"," 1.023100e+01"," 1.507351e+20"," 1.389508e-01"," 9.419015e-11"," 1.315424e+01"," 7.581149e+19"," 8.501279e-02"," 7.706420e-11"," 1.607750e+01"," 3.760091e+19"," 5.054557e-02"," 6.520794e-11"," 1.900075e+01"," 1.850341e+19"," 2.943516e-02"," 5.651334e-11"," 2.192403e+01"," 9.035183e+18"," 1.687332e-02"," 4.986453e-11"," 2.484732e+01"," 4.391402e+18"," 9.553239e-03"," 4.461044e-11"," 2.777377e+01"
" 1.647509e+00"," 6.817652e+20"," 3.421900e-01"," 8.544682e-10"," 1.450025e+00"," 8.690759e+20"," 4.095882e-01"," 2.848207e-10"," 4.350106e+00"," 5.442193e+20"," 3.228001e-01"," 1.708905e-10"," 7.250255e+00"," 2.974135e+20"," 2.226379e-01"," 1.220636e-10"," 1.015044e+01"," 1.551703e+20"," 1.434073e-01"," 9.493769e-11"," 1.305066e+01"," 7.905858e+19"," 8.857141e-02"," 7.767582e-11"," 1.595091e+01"," 3.958791e+19"," 5.316290e-02"," 6.572546e-11"," 1.885114e+01"," 1.963310e+19"," 3.125502e-02"," 5.696186e-11"," 2.175140e+01"," 9.695428e+18"," 1.808798e-02"," 5.026028e-11"," 2.465167e+01"," 4.758780e+18"," 1.033908e-02"," 4.496449e-11"," 2.755508e+01"
" 1.658915e+00"," 6.757314e+20"," 3.405982e-01"," 8.613039e-10"," 1.438517e+00"," 8.703772e+20"," 4.110992e-01"," 2.870992e-10"," 4.315581e+00"," 5.500242e+20"," 3.269078e-01"," 1.722577e-10"," 7.192714e+00"," 3.039409e+20"," 2.275509e-01"," 1.230401e-10"," 1.006988e+01"," 1.600149e+20"," 1.479400e-01"," 9.569719e-11"," 1.294709e+01"," 8.240162e+19"," 9.222960e-02"," 7.829723e-11"," 1.582431e+01"," 4.159974e+19"," 5.588106e-02"," 6.625126e-11"," 1.870153e+01"," 2.086512e+19"," 3.316399e-02"," 5.741755e-11"," 2.157877e+01"," 1.036682e+19"," 1.937476e-02"," 5.066236e-11"," 2.445602e+01"," 5.151269e+18"," 1.117979e-02"," 4.532420e-11"," 2.733639e+01"
" 1.670426e+00"," 6.706590e+20"," 3.389788e-01"," 8.682499e-10"," 1.427009e+00"," 8.720171e+20"," 4.125373e-01"," 2.894145e-10"," 4.281057e+00"," 5.560602e+20"," 3.309761e-01"," 1.736468e-10"," 7.135172e+00"," 3.097952e+20"," 2.324881e-01"," 1.240324e-10"," 9.989325e+00"," 1.649293e+20"," 1.525478e-01"," 9.646895e-11"," 1.284351e+01"," 8.548642e+19"," 9.598773e-02"," 7.892866e-11"," 1.569772e+01"," 4.371408e+19"," 5.870197e-02"," 6.678555e-11"," 1.855192e+01"," 2.212413e+19"," 3.516488e-02"," 5.788060e-11"," 2.140614e+01"," 1.111551e+19"," 2.073678e-02"," 5.107093e-11"," 2.426038e+01"," 5.578273e+18"," 1.207835e-02"," 4.568972e-11"," 2.711770e+01"
" 1.682043e+00"," 6.639948e+20"," 3.373318e-01"," 8.753088e-10"," 1.415500e+00"," 8.723757e+20"," 4.139017e-01"," 2.917675e-10"," 4.246532e+00"," 5.620147e+20"," 3.350026e-01"," 1.750586e-10"," 7.077630e+00"," 3.160013e+20"," 2.374466e-01"," 1.250408e-10"," 9.908766e+00"," 1.699148e+20"," 1.572289e-01"," 9.725325e-11"," 1.273993e+01"," 8.896570e+19"," 9.984608e-02"," 7.957036e-11"," 1.557113e+01"," 4.596289e+19"," 6.162745e-02"," 6.732852e-11"," 1.840231e+01"," 2.347091e+19"," 3.726051e-02"," 5.835117e-11"," 2.123351e+01"," 1.190236e+19"," 2.217724e-02"," 5.148614e-11"," 2.406473e+01"," 6.016017e+18"," 1.303787e-02"," 4.606118e-11"," 2.689900e+01"
" 1.693769e+00"," 6.585387e+20"," 3.356577e-01"," 8.824835e-10"," 1.403992e+00"," 8.736994e+20"," 4.151918e-01"," 2.941590e-10"," 4.212007e+00"," 5.682189e+20"," 3.389848e-01"," 1.764935e-10"," 7.020088e+00"," 3.221828e+20"," 2.424237e-01"," 1.260657e-10"," 9.828207e+00"," 1.747829e+20"," 1.619818e-01"," 9.805040e-11"," 1.263636e+01"," 9.241423e+19"," 1.038048e-01"," 8.022257e-11"," 1.544453e+01"," 4.819064e+19"," 6.465925e-02"," 6.788039e-11"," 1.825269e+01"," 2.490029e+19"," 3.945366e-02"," 5.882946e-11"," 2.106088e+01"," 1.273841e+19"," 2.369937e-02"," 5.190816e-11"," 2.386908e+01"," 6.504273e+18"," 1.406154e-02"," 4.643873e-11"," 2.668031e+01"
" 1.705606e+00"," 6.524765e+20"," 3.339566e-01"," 8.897768e-10"," 1.392484e+00"," 8.741329e+20"," 4.164067e-01"," 2.965901e-10"," 4.177483e+00"," 5.713892e+20"," 3.429200e-01"," 1.779521e-10"," 6.962547e+00"," 3.287197e+20"," 2.474163e-01"," 1.271076e-10"," 9.747648e+00"," 1.800541e+20"," 1.668046e-01"," 9.886074e-11"," 1.253278e+01"," 9.616546e+19"," 1.078638e-01"," 8.088557e-11"," 1.531794e+01"," 5.055328e+19"," 6.779902e-02"," 6.844139e-11"," 1.810308e+01"," 2.627459e+19"," 4.174712e-02"," 5.931565e-11"," 2.088825e+01"," 1.361166e+19"," 2.530643e-02"," 5.233715e-11"," 2.367343e+01"," 7.014174e+18"," 1.515265e-02"," 4.682253e-11"," 2.646162e+01"
" 1.717556e+00"," 6.468799e+20"," 3.322287e-01"," 8.971916e-10"," 1.380976e+00"," 8.727589e+20"," 4.175457e-01"," 2.990617e-10"," 4.142958e+00"," 5.770800e+20"," 3.468058e-01"," 1.794351e-10"," 6.905005e+00"," 3.352641e+20"," 2.524214e-01"," 1.281668e-10"," 9.667089e+00"," 1.852079e+20"," 1.716955e-01"," 9.968458e-11"," 1.242920e+01"," 9.977174e+19"," 1.120231e-01"," 8.155962e-11"," 1.519134e+01"," 5.300262e+19"," 7.104833e-02"," 6.901173e-11"," 1.795347e+01"," 2.779856e+19"," 4.414362e-02"," 5.980995e-11"," 2.071562e+01"," 1.452182e+19"," 2.700176e-02"," 5.277329e-11"," 2.347778e+01"," 7.571264e+18"," 1.631458e-02"," 4.721271e-11"," 2.624293e+01"
" 1.729623e+00"," 6.408736e+20"," 3.304744e-01"," 9.047310e-10"," 1.369468e+00"," 8.729125e+20"," 4.186081e-01"," 3.015748e-10"," 4.108433e+00"," 5.828810e+20"," 3.506396e-01"," 1.809429e-10"," 6.847463e+00"," 3.407746e+20"," 2.574361e-01"," 1.292438e-10"," 9.586530e+00"," 1.904402e+20"," 1.766523e-01"," 1.005223e-10"," 1.232563e+01"," 1.035879e+20"," 1.162822e-01"," 8.224499e-11"," 1.506475e+01"," 5.549958e+19"," 7.440862e-02"," 6.959166e-11"," 1.780386e+01"," 2.944637e+19"," 4.664587e-02"," 6.031256e-11"," 2.054299e+01"," 1.549587e+19"," 2.878870e-02"," 5.321677e-11"," 2.328214e+01"," 8.130203e+18"," 1.755080e-02"," 4.760946e-11"," 2.602424e+01"
" 1.741809e+00"," 6.343862e+20"," 3.286938e-01"," 9.123982e-10"," 1.357960e+00"," 8.732430e+20"," 4.195932e-01"," 3.041305e-10"," 4.073909e+00"," 5.885614e+20"," 3.544189e-01"," 1.824763e-10"," 6.789922e+00"," 3.471047e+20"," 2.624571e-01"," 1.303391e-10"," 9.505971e+00"," 1.951986e+20"," 1.816728e-01"," 1.013741e-10"," 1.222205e+01"," 1.074487e+20"," 1.206408e-01"," 8.294198e-11"," 1.493815e+01"," 5.813235e+19"," 7.788123e-02"," 7.018142e-11"," 1.765424e+01"," 3.107913e+19"," 4.925653e-02"," 6.082368e-11"," 2.037036e+01"," 1.652209e+19"," 3.067062e-02"," 5.366776e-11"," 2.308649e+01"," 8.755334e+18"," 1.886488e-02"," 4.801293e-11"," 2.580555e+01"
" 1.754116e+00"," 6.290929e+20"," 3.268873e-01"," 9.201965e-10"," 1.346452e+00"," 8.720514e+20"," 4.205005e-01"," 3.067299e-10"," 4.039384e+00"," 5.928580e+20"," 3.581412e-01"," 1.840360e-10"," 6.732380e+00"," 3.535457e+20"," 2.674811e-01"," 1.314531e-10"," 9.425412e+00"," 2.007362e+20"," 1.867547e-01"," 1.022406e-10"," 1.211847e+01"," 1.112390e+20"," 1.250983e-01"," 8.365089e-11"," 1.481156e+01"," 6.082911e+19"," 8.146738e-02"," 7.078126e-11"," 1.750463e+01"," 3.281872e+19"," 5.197818e-02"," 6.134354e-11"," 2.019773e+01"," 1.762222e+19"," 3.265091e-02"," 5.412646e-11"," 2.289084e+01"," 9.410150e+18"," 2.026043e-02"," 4.842330e-11"," 2.558686e+01"
" 1.766547e+00"," 6.231331e+20"," 3.250550e-01"," 9.281292e-10"," 1.334943e+00"," 8.714966e+20"," 4.213291e-01"," 3.093742e-10"," 4.004859e+00"," 5.985735e+20"," 3.618039e-01"," 1.856225e-10"," 6.674838e+00"," 3.595604e+20"," 2.725050e-01"," 1.325864e-10"," 9.344853e+00"," 2.059867e+20"," 1.918955e-01"," 1.031220e-10"," 1.201490e+01"," 1.153274e+20"," 1.296538e-01"," 8.437202e-11"," 1.468496e+01"," 6.343840e+19"," 8.516814e-02"," 7.139145e-11"," 1.735502e+01"," 3.459015e+19"," 5.481338e-02"," 6.187236e-11"," 2.002510e+01"," 1.870775e+19"," 3.473296e-02"," 5.459306e-11"," 2.269519e+01"," 1.011821e+19"," 2.174119e-02"," 4.884074e-11"," 2.536817e+01"
" 1.779106e+00"," 6.186901e+20"," 3.231971e-01"," 9.361999e-10"," 1.323435e+00"," 8.727000e+20"," 4.220785e-01"," 3.120644e-10"," 3.970335e+00"," 6.035216e+20"," 3.654044e-01"," 1.872366e-10"," 6.617297e+00"," 3.660637e+20"," 2.775253e-01"," 1.337393e-10"," 9.264294e+00"," 2.117918e+20"," 1.970926e-01"," 1.040187e-10"," 1.191132e+01"," 1.195566e+20"," 1.343066e-01"," 8.510569e-11"," 1.455837e+01"," 6.631828e+19"," 8.898445e-02"," 7.201224e-11"," 1.720541e+01"," 3.647106e+19"," 5.776456e-02"," 6.241038e-11"," 1.985247e+01"," 1.991735e+19"," 3.692019e-02"," 5.506779e-11"," 2.249954e+01"," 1.084265e+19"," 2.331091e-02"," 4.926544e-11"," 2.514948e+01"
" 1.791794e+00"," 6.131082e+20"," 3.213141e-01"," 9.444122e-10"," 1.311927e+00"," 8.730837e+20"," 4.227482e-01"," 3.148018e-10"," 3.935810e+00"," 6.088075e+20"," 3.689403e-01"," 1.888790e-10"," 6.559755e+00"," 3.726914e+20"," 2.825386e-01"," 1.349124e-10"," 9.183734e+00"," 2.173891e+20"," 2.023431e-01"," 1.049311e-10"," 1.180774e+01"," 1.238139e+20"," 1.390553e-01"," 8.585223e-11"," 1.443177e+01"," 6.931016e+19"," 9.291712e-02"," 7.264393e-11"," 1.705580e+01"," 3.845521e+19"," 6.083411e-02"," 6.295784e-11"," 1.967984e+01"," 2.118032e+19"," 3.921597e-02"," 5.555084e-11"," 2.230389e+01"," 1.164122e+19"," 2.497346e-02"," 4.969759e-11"," 2.493078e+01"
" 1.804616e+00"," 6.042953e+20"," 3.194059e-01"," 9.527698e-10"," 1.300419e+00"," 8.690163e+20"," 4.233375e-01"," 3.175876e-10"," 3.901285e+00"," 6.121473e+20"," 3.724089e-01"," 1.905505e-10"," 6.502213e+00"," 3.786209e+20"," 2.875414e-01"," 1.361064e-10"," 9.103175e+00"," 2.226017e+20"," 2.076442e-01"," 1.058597e-10"," 1.170417e+01"," 1.279346e+20"," 1.438989e-01"," 8.661198e-11"," 1.430518e+01"," 7.230468e+19"," 9.696677e-02"," 7.328680e-11"," 1.690618e+01"," 4.048865e+19"," 6.402430e-02"," 6.351499e-11"," 1.950721e+01"," 2.250064e+19"," 4.162369e-02"," 5.603604e-11"," 2.211077e+01"," 1.247287e+19"," 2.673271e-02"," 5.013739e-11"," 2.471209e+01"
" 1.817573e+00"," 5.986327e+20"," 3.174730e-01"," 9.612767e-10"," 1.288911e+00"," 8.672764e+20"," 4.238459e-01"," 3.204232e-10"," 3.866761e+00"," 6.163030e+20"," 3.758079e-01"," 1.922518e-10"," 6.444671e+00"," 3.849935e+20"," 2.925301e-01"," 1.373216e-10"," 9.022616e+00"," 2.282496e+20"," 2.129928e-01"," 1.068049e-10"," 1.160059e+01"," 1.322965e+20"," 1.488358e-01"," 8.738530e-11"," 1.417859e+01"," 7.545993e+19"," 1.011339e-01"," 7.394114e-11"," 1.675657e+01"," 4.263150e+19"," 6.733729e-02"," 6.408209e-11"," 1.933458e+01"," 2.389104e+19"," 4.414667e-02"," 5.653637e-11"," 2.191510e+01"," 1.336834e+19"," 2.859263e-02"," 5.058505e-11"," 2.449340e+01"
" 1.830670e+00"," 5.923299e+20"," 3.155156e-01"," 9.699368e-10"," 1.277403e+00"," 8.664277e+20"," 4.242728e-01"," 3.233099e-10"," 3.832236e+00"," 6.207209e+20"," 3.791346e-01"," 1.939838e-10"," 6.387130e+00"," 3.909440e+20"," 2.975011e-01"," 1.385587e-10"," 8.942057e+00"," 2.337727e+20"," 2.183857e-01"," 1.077671e-10"," 1.149701e+01"," 1.368963e+20"," 1.538643e-01"," 8.817256e-11"," 1.405199e+01"," 7.870390e+19"," 1.054187e-01"," 7.460728e-11"," 1.660696e+01"," 4.472488e+19"," 7.077514e-02"," 6.465941e-11"," 1.916195e+01"," 2.530341e+19"," 4.678822e-02"," 5.704570e-11"," 2.171943e+01"," 1.426121e+19"," 3.055719e-02"," 5.104077e-11"," 2.427471e+01"
" 1.843909e+00"," 5.861054e+20"," 3.135338e-01"," 9.787544e-10"," 1.265895e+00"," 8.647253e+20"," 4.246178e-01"," 3.262491e-10"," 3.797711e+00"," 6.241175e+20"," 3.823866e-01"," 1.957473e-10"," 6.329588e+00"," 3.970832e+20"," 3.024506e-01"," 1.398183e-10"," 8.861498e+00"," 2.395944e+20"," 2.238195e-01"," 1.087468e-10"," 1.139344e+01"," 1.408705e+20"," 1.589826e-01"," 8.897413e-11"," 1.392540e+01"," 8.182722e+19"," 1.098214e-01"," 7.528553e-11"," 1.645735e+01"," 4.698501e+19"," 7.433975e-02"," 6.524722e-11"," 1.898932e+01"," 2.686007e+19"," 4.955159e-02"," 5.756430e-11"," 2.152376e+01"," 1.525769e+19"," 3.263040e-02"," 5.150478e-11"," 2.405602e+01"
" 1.857294e+00"," 5.793551e+20"," 3.115280e-01"," 9.877338e-10"," 1.254387e+00"," 8.635433e+20"," 4.248804e-01"," 3.292422e-10"," 3.763187e+00"," 6.284605e+20"," 3.855614e-01"," 1.975432e-10"," 6.272046e+00"," 4.030202e+20"," 3.073750e-01"," 1.411011e-10"," 8.780939e+00"," 2.448767e+20"," 2.292907e-01"," 1.097445e-10"," 1.128986e+01"," 1.454913e+20"," 1.641887e-01"," 8.979040e-11"," 1.379880e+01"," 8.525600e+19"," 1.143419e-01"," 7.597622e-11"," 1.630773e+01"," 4.937778e+19"," 7.803290e-02"," 6.584582e-11"," 1.881668e+01"," 2.844563e+19"," 5.243996e-02"," 5.809241e-11"," 2.132809e+01"," 1.630867e+19"," 3.481630e-02"," 5.197730e-11"," 2.383733e+01"
" 1.870829e+00"," 5.733294e+20"," 3.094983e-01"," 9.968795e-10"," 1.242878e+00"," 8.618353e+20"," 4.250600e-01"," 3.322908e-10"," 3.728662e+00"," 6.323982e+20"," 3.886566e-01"," 1.993723e-10"," 6.214505e+00"," 4.074535e+20"," 3.122704e-01"," 1.424076e-10"," 8.700380e+00"," 2.505757e+20"," 2.347958e-01"," 1.107606e-10"," 1.118628e+01"," 1.502020e+20"," 1.694803e-01"," 9.062180e-11"," 1.367221e+01"," 8.860612e+19"," 1.189799e-01"," 7.667970e-11"," 1.615812e+01"," 5.182845e+19"," 8.185622e-02"," 6.645550e-11"," 1.864405e+01"," 3.012131e+19"," 5.545644e-02"," 5.863031e-11"," 2.113242e+01"," 1.742116e+19"," 3.711892e-02"," 5.245857e-11"," 2.361864e+01"
" 1.884516e+00"," 5.667815e+20"," 3.074451e-01"," 1.006196e-09"," 1.231370e+00"," 8.580644e+20"," 4.251564e-01"," 3.353963e-10"," 3.694138e+00"," 6.359287e+20"," 3.916696e-01"," 2.012356e-10"," 6.156963e+00"," 4.132954e+20"," 3.171329e-01"," 1.437385e-10"," 8.619821e+00"," 2.560775e+20"," 2.403309e-01"," 1.117958e-10"," 1.108271e+01"," 1.550794e+20"," 1.748550e-01"," 9.146873e-11"," 1.354561e+01"," 9.224149e+19"," 1.237349e-01"," 7.739634e-11"," 1.600851e+01"," 5.437859e+19"," 8.581115e-02"," 6.707658e-11"," 1.847142e+01"," 3.177336e+19"," 5.860404e-02"," 5.917825e-11"," 2.093675e+01"," 1.854797e+19"," 3.954230e-02"," 5.294884e-11"," 2.339995e+01"
" 1.898361e+00"," 5.604130e+20"," 3.053685e-01"," 1.015689e-09"," 1.219862e+00"," 8.566730e+20"," 4.251690e-01"," 3.385604e-10"," 3.659613e+00"," 6.378418e+20"," 3.945980e-01"," 2.031340e-10"," 6.099421e+00"," 4.192142e+20"," 3.219587e-01"," 1.450945e-10"," 8.539262e+00"," 2.618922e+20"," 2.458921e-01"," 1.128505e-10"," 1.097913e+01"," 1.596059e+20"," 1.803102e-01"," 9.233164e-11"," 1.341902e+01"," 9.597826e+19"," 1.286061e-01"," 7.812649e-11"," 1.585890e+01"," 5.691102e+19"," 8.989897e-02"," 6.770938e-11"," 1.829879e+01"," 3.357720e+19"," 6.188568e-02"," 5.973654e-11"," 2.074107e+01"," 1.977780e+19"," 4.209046e-02"," 5.344835e-11"," 2.318126e+01"
" 1.912366e+00"," 5.545475e+20"," 3.032689e-01"," 1.025362e-09"," 1.208354e+00"," 8.541333e+20"," 4.250974e-01"," 3.417848e-10"," 3.625088e+00"," 6.415782e+20"," 3.974394e-01"," 2.050686e-10"," 6.041879e+00"," 4.247697e+20"," 3.267438e-01"," 1.464764e-10"," 8.458703e+00"," 2.673975e+20"," 2.514753e-01"," 1.139252e-10"," 1.087555e+01"," 1.645660e+20"," 1.858429e-01"," 9.321099e-11"," 1.329242e+01"," 9.944028e+19"," 1.335927e-01"," 7.887055e-11"," 1.570929e+01"," 5.966970e+19"," 9.412077e-02"," 6.835423e-11"," 1.812616e+01"," 3.554086e+19"," 6.530414e-02"," 6.030546e-11"," 2.054540e+01"," 2.105627e+19"," 4.476738e-02"," 5.395739e-11"," 2.296257e+01"
" 1.926535e+00"," 5.470415e+20"," 3.011463e-01"," 1.035221e-09"," 1.196846e+00"," 8.508354e+20"," 4.249414e-01"," 3.450712e-10"," 3.590564e+00"," 6.451933e+20"," 4.001914e-01"," 2.070405e-10"," 5.984338e+00"," 4.304348e+20"," 3.314841e-01"," 1.478848e-10"," 8.378144e+00"," 2.733930e+20"," 2.570764e-01"," 1.150207e-10"," 1.077198e+01"," 1.696348e+20"," 1.914502e-01"," 9.410725e-11"," 1.316583e+01"," 1.032972e+20"," 1.386935e-01"," 7.962892e-11"," 1.555967e+01"," 6.247818e+19"," 9.847743e-02"," 6.901148e-11"," 1.795353e+01"," 3.747923e+19"," 6.886208e-02"," 6.088532e-11"," 2.034973e+01"," 2.243013e+19"," 4.757700e-02"," 5.447621e-11"," 2.274387e+01"
" 1.940874e+00"," 5.411660e+20"," 2.990012e-01"," 1.045272e-09"," 1.185338e+00"," 8.479324e+20"," 4.247005e-01"," 3.484214e-10"," 3.556039e+00"," 6.480640e+20"," 4.028517e-01"," 2.090506e-10"," 5.926796e+00"," 4.349722e+20"," 3.361757e-01"," 1.493206e-10"," 8.297585e+00"," 2.794149e+20"," 2.626909e-01"," 1.161374e-10"," 1.066840e+01"," 1.742335e+20"," 1.971287e-01"," 9.502091e-11"," 1.303924e+01"," 1.071882e+20"," 1.439071e-01"," 8.040202e-11"," 1.541006e+01"," 6.534290e+19"," 1.029696e-01"," 6.968150e-11"," 1.778090e+01"," 3.954153e+19"," 7.256200e-02"," 6.147644e-11"," 2.015406e+01"," 2.378139e+19"," 5.052320e-02"," 5.500510e-11"," 2.252518e+01"
" 1.955385e+00"," 5.345925e+20"," 2.968336e-01"," 1.055519e-09"," 1.173830e+00"," 8.448839e+20"," 4.243745e-01"," 3.518373e-10"," 3.521514e+00"," 6.500568e+20"," 4.054178e-01"," 2.111001e-10"," 5.869254e+00"," 4.404457e+20"," 3.408144e-01"," 1.507845e-10"," 8.217026e+00"," 2.852507e+20"," 2.683145e-01"," 1.172760e-10"," 1.056482e+01"," 1.793257e+20"," 2.028750e-01"," 9.595249e-11"," 1.291264e+01"," 1.111213e+20"," 1.492318e-01"," 8.119027e-11"," 1.526045e+01"," 6.833572e+19"," 1.075977e-01"," 7.035662e-11"," 1.761028e+01"," 4.160799e+19"," 7.640625e-02"," 6.207915e-11"," 1.995839e+01"," 2.526821e+19"," 5.360978e-02"," 5.554437e-11"," 2.230649e+01"
" 1.970073e+00"," 5.284306e+20"," 2.946440e-01"," 1.065970e-09"," 1.162321e+00"," 8.376053e+20"," 4.239630e-01"," 3.553208e-10"," 3.486990e+00"," 6.524997e+20"," 4.078875e-01"," 2.131902e-10"," 5.811713e+00"," 4.459237e+20"," 3.453962e-01"," 1.522774e-10"," 8.136467e+00"," 2.899119e+20"," 2.739426e-01"," 1.184371e-10"," 1.046125e+01"," 1.843031e+20"," 2.086853e-01"," 9.690251e-11"," 1.278605e+01"," 1.152766e+20"," 1.546656e-01"," 8.199414e-11"," 1.511084e+01"," 7.118839e+19"," 1.123620e-01"," 7.105322e-11"," 1.743763e+01"," 4.381637e+19"," 8.039699e-02"," 6.269379e-11"," 1.976272e+01"," 2.682290e+19"," 5.684045e-02"," 5.609431e-11"," 2.208780e+01"
" 1.984943e+00"," 5.220545e+20"," 2.924324e-01"," 1.076506e-09"," 1.150946e+00"," 8.343120e+20"," 4.234657e-01"," 3.588740e-10"," 3.452465e+00"," 6.547567e+20"," 4.102584e-01"," 2.153221e-10"," 5.754171e+00"," 4.505017e+20"," 3.499168e-01"," 1.538002e-10"," 8.055907e+00"," 2.955791e+20"," 2.795703e-01"," 1.196215e-10"," 1.035767e+01"," 1.891525e+20"," 2.145557e-01"," 9.787154e-11"," 1.265945e+01"," 1.193423e+20"," 1.602065e-01"," 8.281408e-11"," 1.496122e+01"," 7.440017e+19"," 1.172624e-01"," 7.176375e-11"," 1.726498e+01"," 4.611560e+19"," 8.453618e-02"," 6.332073e-11"," 1.956705e+01"," 2.847647e+19"," 6.021881e-02"," 5.665526e-11"," 2.186911e+01"
" 2.000000e+00"," 5.155618e+20"," 2.901991e-01"," 1.087380e-09"," 1.139436e+00"," 8.309197e+20"," 4.228825e-01"," 3.624990e-10"," 3.417940e+00"," 6.573879e+20"," 4.125284e-01"," 2.174970e-10"," 5.696629e+00"," 4.564393e+20"," 3.543722e-01"," 1.553537e-10"," 7.975348e+00"," 3.014074e+20"," 2.851928e-01"," 1.208298e-10"," 1.025409e+01"," 1.945011e+20"," 2.204820e-01"," 9.886014e-11"," 1.253286e+01"," 1.233850e+20"," 1.658518e-01"," 8.365058e-11"," 1.481161e+01"," 7.764845e+19"," 1.222984e-01"," 7.248864e-11"," 1.709233e+01"," 4.854997e+19"," 8.882556e-02"," 6.396033e-11"," 1.937138e+01"," 3.013762e+19"," 6.374832e-02"," 5.722753e-11"," 2.165042e+01"
