"None","E(keV)","psi0rSi111","psi0iSi111","psihrSi111","psihiSi111","psihbrSi111","psihbiSi111"
1,2.00000,-0.00020518,0.000067309,0.00010169,0.000047016,0.00010169,0.000047016
2,2.05000,-0.00020178,0.000061552,0.00010133,0.000042991,0.00010133,0.000042991
3,2.10000,-0.00019702,0.000056402,0.000099866,0.000039389,0.000099866,0.000039389
4,2.15000,-0.00019157,0.000051781,0.00009779,0.000036158,0.00009779,0.000036158
5,2.20000,-0.00018577,0.000047627,0.000095361,0.000033253,0.000095361,0.000033253
6,2.25000,-0.00017985,0.000043884,0.000092736,0.000030634,0.000092736,0.000030634
7,2.30000,-0.00017393,0.000040502,0.000090015,0.000028269,0.000090015,0.000028269
8,2.35000,-0.00016809,0.000037442,0.000087263,0.000026128,0.000087263,0.000026128
9,2.40000,-0.00016239,0.000034667,0.000084522,0.000024186,0.000084522,0.000024186
10,2.45000,-0.00015685,0.000032145,0.000081822,0.000022422,0.000081822,0.000022422
11,2.50000,-0.0001515,0.000029849,0.000079181,0.000020816,0.000079181,0.000020816
12,2.55000,-0.00014634,0.000027755,0.000076611,0.000019351,0.000076611,0.000019351
13,2.60000,-0.00014137,0.000025842,0.00007412,0.000018013,0.00007412,0.000018013
14,2.65000,-0.00013661,0.000024092,0.000071714,0.000016789,0.000071714,0.000016789
15,2.70000,-0.00013204,0.000022487,0.000069393,0.000015667,0.000069393,0.000015667
16,2.75000,-0.00012767,0.000021015,0.000067158,0.000014637,0.000067158,0.000014637
17,2.80000,-0.00012347,0.000019661,0.00006501,0.000013691,0.00006501,0.000013691
18,2.85000,-0.00011946,0.000018415,0.000062946,0.000012823,0.000062946,0.000012823
19,2.90000,-0.00011562,0.000017266,0.000060963,0.000012022,0.000060963,0.000012022
20,2.95000,-0.00011194,0.000016205,0.000059061,0.000011283,0.000059061,0.000011283
21,3.00000,-0.00010843,0.000015225,0.000057236,0.000010601,0.000057236,0.000010601
22,3.05000,-0.00010506,0.000014318,0.000055484,9.9687E-006,0.000055484,9.9687E-006
23,3.10000,-0.00010183,0.000013477,0.000053804,9.3833E-006,0.000053804,9.3833E-006
24,3.15000,-0.000098743,0.000012698,0.000052192,8.8402E-006,0.000052192,8.8402E-006
25,3.20000,-0.000095784,0.000011973,0.000050646,0.000008336,0.000050646,0.000008336
26,3.25000,-0.000092949,0.0000113,0.000049162,7.8672E-006,0.000049162,7.8672E-006
27,3.30000,-0.000090231,0.000010674,0.000047738,0.000007431,0.000047738,0.000007431
28,3.35000,-0.000087625,0.00001009,0.00004637,7.0245E-006,0.00004637,7.0245E-006
29,3.40000,-0.000085125,9.5457E-006,0.000045057,6.6455E-006,0.000045057,6.6455E-006
30,3.45000,-0.000082726,9.0376E-006,0.000043796,6.2918E-006,0.000043796,6.2918E-006
31,3.50000,-0.000080423,8.5628E-006,0.000042584,5.9612E-006,0.000042584,5.9612E-006
32,3.55000,-0.000078211,8.1188E-006,0.000041419,5.6521E-006,0.000041419,5.6521E-006
33,3.60000,-0.000076086,7.7032E-006,0.000040299,5.3628E-006,0.000040299,5.3628E-006
34,3.65000,-0.000074043,7.3138E-006,0.000039222,5.0917E-006,0.000039222,5.0917E-006
35,3.70000,-0.00007208,6.9487E-006,0.000038186,4.8375E-006,0.000038186,4.8375E-006
36,3.75000,-0.00007019,6.6061E-006,0.000037189,0.000004599,0.000037189,0.000004599
37,3.80000,-0.000068373,6.2843E-006,0.000036228,0.000004375,0.000036228,0.000004375
38,3.85000,-0.000066623,5.9818E-006,0.000035303,4.1645E-006,0.000035303,4.1645E-006
39,3.90000,-0.000064937,5.6974E-006,0.000034412,3.9665E-006,0.000034412,3.9665E-006
40,3.95000,-0.000063313,5.4296E-006,0.000033553,0.00000378,0.000033553,0.00000378
41,4.00000,-0.000061748,5.1773E-006,0.000032725,3.6045E-006,0.000032725,3.6045E-006
42,4.05000,-0.000060239,4.9395E-006,0.000031927,3.4389E-006,0.000031927,3.4389E-006
43,4.10000,-0.000058784,4.7152E-006,0.000031156,3.2828E-006,0.000031156,3.2828E-006
44,4.15000,-0.000057379,4.5034E-006,0.000030412,3.1354E-006,0.000030412,3.1354E-006
45,4.20000,-0.000056024,4.3034E-006,0.000029694,2.9962E-006,0.000029694,2.9962E-006
46,4.25000,-0.000054715,4.1144E-006,0.000029001,2.8646E-006,0.000029001,2.8646E-006
47,4.30000,-0.00005345,3.9356E-006,0.00002833,2.7401E-006,0.00002833,2.7401E-006
48,4.35000,-0.000052228,3.7664E-006,0.000027683,2.6224E-006,0.000027683,2.6224E-006
49,4.40000,-0.000051047,3.6062E-006,0.000027057,2.5108E-006,0.000027057,2.5108E-006
50,4.45000,-0.000049905,3.4544E-006,0.000026451,2.4052E-006,0.000026451,2.4052E-006
51,4.50000,-0.0000488,3.3104E-006,0.000025865,0.000002305,0.000025865,0.000002305
52,4.55000,-0.000047731,3.1739E-006,0.000025298,0.00000221,0.000025298,0.00000221
53,4.60000,-0.000046696,3.0444E-006,0.000024749,2.1198E-006,0.000024749,2.1198E-006
54,4.65000,-0.000045695,2.9213E-006,0.000024218,2.0341E-006,0.000024218,2.0341E-006
55,4.70000,-0.000044724,2.8044E-006,0.000023703,1.9528E-006,0.000023703,1.9528E-006
56,4.75000,-0.000043784,2.6933E-006,0.000023204,1.8754E-006,0.000023204,1.8754E-006
57,4.80000,-0.000042873,2.5876E-006,0.00002272,1.8019E-006,0.00002272,1.8019E-006
58,4.85000,-0.000041989,2.4871E-006,0.000022252,1.7319E-006,0.000022252,1.7319E-006
59,4.90000,-0.000041133,2.3914E-006,0.000021797,1.6652E-006,0.000021797,1.6652E-006
60,4.95000,-0.000040302,2.3002E-006,0.000021356,1.6018E-006,0.000021356,1.6018E-006
61,5.00000,-0.000039495,2.2133E-006,0.000020928,1.5413E-006,0.000020928,1.5413E-006
62,5.05000,-0.000038713,2.1305E-006,0.000020512,1.4836E-006,0.000020512,1.4836E-006
63,5.10000,-0.000037953,2.0515E-006,0.000020109,1.4286E-006,0.000020109,1.4286E-006
64,5.15000,-0.000037215,1.9761E-006,0.000019717,1.3761E-006,0.000019717,1.3761E-006
65,5.20000,-0.000036499,1.9041E-006,0.000019337,1.3261E-006,0.000019337,1.3261E-006
66,5.25000,-0.000035802,1.8354E-006,0.000018967,1.2782E-006,0.000018967,1.2782E-006
67,5.30000,-0.000035126,1.7697E-006,0.000018608,1.2325E-006,0.000018608,1.2325E-006
68,5.35000,-0.000034468,0.000001707,0.000018259,1.1888E-006,0.000018259,1.1888E-006
69,5.40000,-0.000033828,0.000001647,0.000017919,0.000001147,0.000017919,0.000001147
70,5.45000,-0.000033206,1.5896E-006,0.000017589,1.1071E-006,0.000017589,1.1071E-006
71,5.50000,-0.0000326,1.5347E-006,0.000017267,1.0688E-006,0.000017267,1.0688E-006
72,5.55000,-0.000032011,1.4821E-006,0.000016955,1.0322E-006,0.000016955,1.0322E-006
73,5.60000,-0.000031438,1.4317E-006,0.00001665,9.9719E-007,0.00001665,9.9719E-007
74,5.65000,-0.00003088,1.3835E-006,0.000016354,9.636E-007,0.000016354,9.636E-007
75,5.70000,-0.000030336,1.3373E-006,0.000016065,9.3141E-007,0.000016065,9.3141E-007
76,5.75000,-0.000029807,1.2929E-006,0.000015784,9.0056E-007,0.000015784,9.0056E-007
77,5.80000,-0.000029291,1.2504E-006,0.00001551,0.000000871,0.00001551,0.000000871
78,5.85000,-0.000028788,1.2097E-006,0.000015244,8.4257E-007,0.000015244,8.4257E-007
79,5.90000,-0.000028299,1.1705E-006,0.000014984,8.1533E-007,0.000014984,8.1533E-007
80,5.95000,-0.000027821,0.000001133,0.00001473,7.8917E-007,0.00001473,7.8917E-007
81,6.00000,-0.000027356,1.0969E-006,0.000014483,7.6405E-007,0.000014483,7.6405E-007
82,6.05000,-0.000026902,1.0622E-006,0.000014242,7.3992E-007,0.000014242,7.3992E-007
83,6.10000,-0.000026459,1.0289E-006,0.000014007,7.1673E-007,0.000014007,7.1673E-007
84,6.15000,-0.000026027,9.969E-007,0.000013778,6.9444E-007,0.000013778,6.9444E-007
85,6.20000,-0.000025605,9.6612E-007,0.000013554,0.000000673,0.000013554,0.000000673
86,6.25000,-0.000025194,9.3651E-007,0.000013335,6.5239E-007,0.000013335,6.5239E-007
87,6.30000,-0.000024792,0.000000908,0.000013122,6.3255E-007,0.000013122,6.3255E-007
88,6.35000,-0.0000244,8.8061E-007,0.000012914,6.1347E-007,0.000012914,6.1347E-007
89,6.40000,-0.000024017,8.5422E-007,0.000012711,5.9509E-007,0.000012711,5.9509E-007
90,6.45000,-0.000023642,8.2881E-007,0.000012512,5.7739E-007,0.000012512,5.7739E-007
91,6.50000,-0.000023277,8.0433E-007,0.000012318,5.6035E-007,0.000012318,5.6035E-007
92,6.55000,-0.00002292,7.8075E-007,0.000012129,5.4393E-007,0.000012129,5.4393E-007
93,6.60000,-0.000022571,0.000000758,0.000011944,5.281E-007,0.000011944,5.281E-007
94,6.65000,-0.00002223,7.3611E-007,0.000011763,5.1284E-007,0.000011763,5.1284E-007
95,6.70000,-0.000021896,0.000000715,0.000011586,4.9813E-007,0.000011586,4.9813E-007
96,6.75000,-0.00002157,6.9461E-007,0.000011413,4.8394E-007,0.000011413,4.8394E-007
97,6.80000,-0.000021252,0.000000675,0.000011244,4.7025E-007,0.000011244,4.7025E-007
98,6.85000,-0.00002094,0.000000656,0.000011078,0.000000457,0.000011078,0.000000457
99,6.90000,-0.000020635,6.3767E-007,0.000010916,4.4429E-007,0.000010916,4.4429E-007
100,6.95000,-0.000020336,0.00000062,0.000010758,0.000000432,0.000010758,0.000000432
101,7.00000,-0.000020044,6.0292E-007,0.000010603,4.2009E-007,0.000010603,4.2009E-007
102,7.05000,-0.000019758,5.8643E-007,0.000010451,4.086E-007,0.000010451,4.086E-007
103,7.10000,-0.000019479,5.705E-007,0.000010303,3.975E-007,0.000010303,3.975E-007
104,7.15000,-0.000019205,5.551E-007,0.000010158,3.8678E-007,0.000010158,3.8678E-007
105,7.20000,-0.000018937,5.4021E-007,0.000010016,3.7641E-007,0.000010016,3.7641E-007
106,7.25000,-0.000018674,5.2582E-007,9.8763E-006,3.6639E-007,9.8763E-006,3.6639E-007
107,7.30000,-0.000018417,5.1191E-007,9.7399E-006,3.567E-007,9.7399E-006,3.567E-007
108,7.35000,-0.000018165,4.9845E-007,9.6063E-006,3.4733E-007,9.6063E-006,3.4733E-007
109,7.40000,-0.000017918,4.8543E-007,9.4754E-006,3.3826E-007,9.4754E-006,3.3826E-007
110,7.45000,-0.000017676,4.7283E-007,9.3472E-006,3.2948E-007,9.3472E-006,3.2948E-007
111,7.50000,-0.000017439,4.6063E-007,9.2215E-006,0.000000321,9.2215E-006,0.000000321
112,7.55000,-0.000017207,4.4882E-007,9.0984E-006,3.1276E-007,9.0984E-006,3.1276E-007
113,7.60000,-0.00001698,4.3739E-007,8.9777E-006,3.048E-007,8.9777E-006,3.048E-007
114,7.65000,-0.000016756,4.2632E-007,8.8594E-006,2.9708E-007,8.8594E-006,2.9708E-007
115,7.70000,-0.000016538,4.1559E-007,8.7434E-006,2.8961E-007,8.7434E-006,2.8961E-007
116,7.75000,-0.000016323,4.052E-007,8.6296E-006,2.8237E-007,8.6296E-006,2.8237E-007
117,7.80000,-0.000016113,3.9513E-007,8.5181E-006,2.7536E-007,8.5181E-006,2.7536E-007
118,7.85000,-0.000015906,3.8537E-007,8.4087E-006,2.6856E-007,8.4087E-006,2.6856E-007
119,7.90000,-0.000015704,3.7591E-007,8.3014E-006,0.000000262,8.3014E-006,0.000000262
120,7.95000,-0.000015505,3.6673E-007,8.1961E-006,2.5558E-007,8.1961E-006,2.5558E-007
121,8.00000,-0.00001531,3.5783E-007,8.0928E-006,2.4938E-007,8.0928E-006,2.4938E-007
122,8.05000,-0.000015119,3.492E-007,7.9915E-006,2.4337E-007,7.9915E-006,2.4337E-007
123,8.10000,-0.000014931,3.4083E-007,0.000007892,2.3754E-007,0.000007892,2.3754E-007
124,8.15000,-0.000014747,3.3271E-007,7.7944E-006,2.3188E-007,7.7944E-006,2.3188E-007
125,8.20000,-0.000014566,3.2482E-007,7.6985E-006,2.2638E-007,7.6985E-006,2.2638E-007
126,8.25000,-0.000014389,3.1717E-007,7.6045E-006,2.2105E-007,7.6045E-006,2.2105E-007
127,8.30000,-0.000014215,3.0974E-007,7.5121E-006,2.1587E-007,7.5121E-006,2.1587E-007
128,8.35000,-0.000014043,3.0252E-007,7.4214E-006,2.1085E-007,7.4214E-006,2.1085E-007
129,8.40000,-0.000013875,2.9552E-007,7.3323E-006,0.000000206,7.3323E-006,0.000000206
130,8.45000,-0.00001371,2.8871E-007,7.2449E-006,2.0123E-007,7.2449E-006,2.0123E-007
131,8.50000,-0.000013548,2.821E-007,7.1589E-006,1.9662E-007,7.1589E-006,1.9662E-007
132,8.55000,-0.000013389,2.7567E-007,7.0745E-006,1.9214E-007,7.0745E-006,1.9214E-007
133,8.60000,-0.000013232,2.6943E-007,6.9916E-006,1.8779E-007,6.9916E-006,1.8779E-007
134,8.65000,-0.000013078,2.6336E-007,6.9101E-006,1.8356E-007,6.9101E-006,1.8356E-007
135,8.70000,-0.000012927,2.5746E-007,6.8301E-006,1.7945E-007,6.8301E-006,1.7945E-007
136,8.75000,-0.000012779,2.5173E-007,6.7514E-006,1.7546E-007,6.7514E-006,1.7546E-007
137,8.80000,-0.000012633,2.4615E-007,6.6741E-006,1.7157E-007,6.6741E-006,1.7157E-007
138,8.85000,-0.000012489,2.4072E-007,0.000006598,1.6779E-007,0.000006598,1.6779E-007
139,8.90000,-0.000012348,2.3545E-007,6.5233E-006,1.6412E-007,6.5233E-006,1.6412E-007
140,8.95000,-0.00001221,2.3031E-007,6.4499E-006,1.6054E-007,6.4499E-006,1.6054E-007
141,9.00000,-0.000012073,2.2532E-007,6.3776E-006,1.5706E-007,6.3776E-006,1.5706E-007
142,9.05000,-0.000011939,2.2046E-007,6.3066E-006,1.5367E-007,6.3066E-006,1.5367E-007
143,9.10000,-0.000011807,2.1573E-007,6.2367E-006,1.5038E-007,6.2367E-006,1.5038E-007
144,9.15000,-0.000011677,2.1112E-007,6.1681E-006,1.4717E-007,6.1681E-006,1.4717E-007
145,9.20000,-0.00001155,2.0664E-007,6.1005E-006,0.000000144,6.1005E-006,0.000000144
146,9.25000,-0.000011424,2.0227E-007,0.000006034,0.000000141,0.000006034,0.000000141
147,9.30000,-0.000011301,0.000000198,5.9686E-006,0.000000138,5.9686E-006,0.000000138
148,9.35000,-0.000011179,1.9388E-007,5.9043E-006,1.3515E-007,5.9043E-006,1.3515E-007
149,9.40000,-0.00001106,1.8985E-007,0.000005841,1.3234E-007,0.000005841,1.3234E-007
150,9.45000,-0.000010942,1.8592E-007,5.7787E-006,1.296E-007,5.7787E-006,1.296E-007
151,9.50000,-0.000010826,1.8209E-007,5.7174E-006,1.2694E-007,5.7174E-006,1.2694E-007
152,9.55000,-0.000010712,1.7836E-007,5.6571E-006,1.2434E-007,5.6571E-006,1.2434E-007
153,9.60000,-0.0000106,1.7472E-007,5.5977E-006,1.218E-007,5.5977E-006,1.218E-007
154,9.65000,-0.00001049,1.7117E-007,5.5393E-006,1.1933E-007,5.5393E-006,1.1933E-007
155,9.70000,-0.000010381,1.6772E-007,5.4817E-006,1.1692E-007,5.4817E-006,1.1692E-007
156,9.75000,-0.000010274,1.6435E-007,5.4251E-006,1.1457E-007,5.4251E-006,1.1457E-007
157,9.80000,-0.000010169,1.6106E-007,5.3693E-006,1.1228E-007,5.3693E-006,1.1228E-007
158,9.85000,-0.000010065,1.5786E-007,5.3144E-006,1.1005E-007,5.3144E-006,1.1005E-007
159,9.90000,-9.9629E-006,1.5473E-007,5.2603E-006,1.0787E-007,5.2603E-006,1.0787E-007
160,9.95000,-9.8622E-006,1.5168E-007,5.2071E-006,1.0575E-007,5.2071E-006,1.0575E-007
161,10.00000,-9.7631E-006,1.4871E-007,5.1546E-006,1.0368E-007,5.1546E-006,1.0368E-007
162,10.05000,-9.6655E-006,1.4581E-007,5.1029E-006,1.0165E-007,5.1029E-006,1.0165E-007
163,10.10000,-9.5693E-006,0.000000143,0.000005052,9.968E-008,0.000005052,9.968E-008
164,10.15000,-9.4746E-006,1.4021E-007,5.0019E-006,9.7754E-008,5.0019E-006,9.7754E-008
165,10.20000,-9.3812E-006,1.3751E-007,4.9525E-006,9.5873E-008,4.9525E-006,9.5873E-008
166,10.25000,-9.2893E-006,1.3488E-007,4.9038E-006,0.000000094,4.9038E-006,0.000000094
167,10.30000,-9.1986E-006,1.3231E-007,4.8559E-006,9.2246E-008,4.8559E-006,9.2246E-008
168,10.35000,-9.1093E-006,1.298E-007,4.8086E-006,9.0497E-008,4.8086E-006,9.0497E-008
169,10.40000,-9.0213E-006,1.2735E-007,4.7621E-006,8.8788E-008,4.7621E-006,8.8788E-008
170,10.45000,-8.9346E-006,0.000000125,4.7162E-006,8.712E-008,4.7162E-006,8.712E-008
171,10.50000,-8.8491E-006,1.2261E-007,4.6709E-006,8.549E-008,4.6709E-006,8.549E-008
172,10.55000,-8.7648E-006,1.2033E-007,4.6263E-006,8.3898E-008,4.6263E-006,8.3898E-008
173,10.60000,-8.6817E-006,1.181E-007,4.5824E-006,8.2343E-008,4.5824E-006,8.2343E-008
174,10.65000,-8.5998E-006,1.1592E-007,0.000004539,8.0823E-008,0.000004539,8.0823E-008
175,10.70000,-0.000008519,1.1379E-007,4.4963E-006,7.9338E-008,4.4963E-006,7.9338E-008
176,10.75000,-8.4394E-006,1.1171E-007,4.4542E-006,7.7887E-008,4.4542E-006,7.7887E-008
177,10.80000,-8.3609E-006,1.0967E-007,4.4127E-006,7.6469E-008,4.4127E-006,7.6469E-008
178,10.85000,-8.2835E-006,1.0768E-007,4.3717E-006,7.5083E-008,4.3717E-006,7.5083E-008
179,10.90000,-8.2071E-006,1.0574E-007,4.3313E-006,7.3728E-008,4.3313E-006,7.3728E-008
180,10.95000,-8.1318E-006,1.0384E-007,4.2915E-006,7.2403E-008,4.2915E-006,7.2403E-008
181,11.00000,-8.0575E-006,0.000000102,4.2522E-006,7.1108E-008,4.2522E-006,7.1108E-008
182,11.05000,-7.9843E-006,1.0016E-007,4.2135E-006,6.9841E-008,4.2135E-006,6.9841E-008
183,11.10000,-0.000007912,9.8385E-008,4.1753E-006,6.8603E-008,4.1753E-006,6.8603E-008
184,11.15000,-7.8407E-006,9.6647E-008,4.1376E-006,6.7391E-008,4.1376E-006,6.7391E-008
185,11.20000,-7.7704E-006,9.4947E-008,4.1004E-006,6.6206E-008,4.1004E-006,6.6206E-008
186,11.25000,-0.000007701,9.3285E-008,4.0637E-006,0.000000065,4.0637E-006,0.000000065
187,11.30000,-7.6326E-006,9.1658E-008,4.0275E-006,6.3913E-008,4.0275E-006,6.3913E-008
188,11.35000,-0.000007565,9.0066E-008,3.9917E-006,6.2804E-008,3.9917E-006,6.2804E-008
189,11.40000,-7.4984E-006,8.8508E-008,3.9565E-006,6.1718E-008,3.9565E-006,6.1718E-008
190,11.45000,-7.4326E-006,0.000000087,3.9217E-006,6.0656E-008,3.9217E-006,6.0656E-008
191,11.50000,-7.3677E-006,8.5493E-008,3.8874E-006,5.9616E-008,3.8874E-006,5.9616E-008
192,11.55000,-7.3036E-006,0.000000084,3.8535E-006,5.8598E-008,3.8535E-006,5.8598E-008
193,11.60000,-7.2403E-006,8.2604E-008,3.8201E-006,5.7602E-008,3.8201E-006,5.7602E-008
194,11.65000,-7.1779E-006,8.1205E-008,3.7871E-006,5.6627E-008,3.7871E-006,5.6627E-008
195,11.70000,-7.1163E-006,7.9835E-008,3.7545E-006,5.5672E-008,3.7545E-006,5.5672E-008
196,11.75000,-7.0555E-006,7.8494E-008,3.7223E-006,5.4737E-008,3.7223E-006,5.4737E-008
197,11.80000,-6.9954E-006,7.7181E-008,3.6906E-006,5.3822E-008,3.6906E-006,5.3822E-008
198,11.85000,-6.9361E-006,7.5895E-008,3.6592E-006,5.2926E-008,3.6592E-006,5.2926E-008
199,11.90000,-6.8776E-006,7.4636E-008,3.6283E-006,0.000000052,3.6283E-006,0.000000052
200,11.95000,-6.8198E-006,7.3402E-008,3.5977E-006,5.1188E-008,3.5977E-006,5.1188E-008
201,12.00000,-6.7627E-006,7.2194E-008,3.5675E-006,5.0346E-008,3.5675E-006,5.0346E-008
202,12.05000,-6.7063E-006,0.000000071,3.5377E-006,4.9521E-008,3.5377E-006,4.9521E-008
203,12.10000,-6.6507E-006,6.9851E-008,3.5083E-006,4.8712E-008,3.5083E-006,4.8712E-008
204,12.15000,-6.5957E-006,6.8715E-008,3.4793E-006,4.792E-008,3.4793E-006,4.792E-008
205,12.20000,-6.5414E-006,6.7602E-008,3.4506E-006,4.7144E-008,3.4506E-006,4.7144E-008
206,12.25000,-6.4878E-006,6.6511E-008,3.4222E-006,4.6384E-008,3.4222E-006,4.6384E-008
207,12.30000,-6.4348E-006,6.5442E-008,3.3942E-006,4.5639E-008,3.3942E-006,4.5639E-008
208,12.35000,-6.3825E-006,6.4394E-008,3.3666E-006,4.4908E-008,3.3666E-006,4.4908E-008
209,12.40000,-6.3308E-006,6.3367E-008,3.3393E-006,4.4192E-008,3.3393E-006,4.4192E-008
210,12.45000,-6.2798E-006,6.2361E-008,3.3123E-006,4.349E-008,3.3123E-006,4.349E-008
211,12.50000,-6.2293E-006,6.1374E-008,3.2856E-006,4.2802E-008,3.2856E-006,4.2802E-008
212,12.55000,-6.1795E-006,6.0406E-008,3.2593E-006,4.2128E-008,3.2593E-006,4.2128E-008
213,12.60000,-6.1302E-006,5.9458E-008,3.2332E-006,4.1467E-008,3.2332E-006,4.1467E-008
214,12.65000,-6.0816E-006,5.8528E-008,3.2075E-006,4.0818E-008,3.2075E-006,4.0818E-008
215,12.70000,-6.0335E-006,5.7615E-008,3.1821E-006,4.0182E-008,3.1821E-006,4.0182E-008
216,12.75000,-0.000005986,5.6721E-008,0.000003157,3.9559E-008,0.000003157,3.9559E-008
217,12.80000,-0.000005939,5.5844E-008,3.1322E-006,3.8947E-008,3.1322E-006,3.8947E-008
218,12.85000,-5.8926E-006,0.000000055,3.1077E-006,3.8347E-008,3.1077E-006,3.8347E-008
219,12.90000,-5.8467E-006,5.4139E-008,3.0834E-006,3.7759E-008,3.0834E-006,3.7759E-008
220,12.95000,-5.8014E-006,5.3311E-008,3.0595E-006,3.7181E-008,3.0595E-006,3.7181E-008
221,13.00000,-5.7566E-006,5.2499E-008,3.0358E-006,3.6615E-008,3.0358E-006,3.6615E-008
222,13.05000,-5.7123E-006,5.1702E-008,3.0124E-006,3.6059E-008,3.0124E-006,3.6059E-008
223,13.10000,-5.6685E-006,5.092E-008,2.9893E-006,3.5514E-008,2.9893E-006,3.5514E-008
224,13.15000,-5.6253E-006,5.0152E-008,2.9664E-006,0.000000035,2.9664E-006,0.000000035
225,13.20000,-5.5825E-006,4.9399E-008,2.9438E-006,3.4454E-008,2.9438E-006,3.4454E-008
226,13.25000,-5.5402E-006,4.8661E-008,2.9215E-006,3.3939E-008,2.9215E-006,3.3939E-008
227,13.30000,-5.4984E-006,4.7935E-008,2.8994E-006,3.3433E-008,2.8994E-006,3.3433E-008
228,13.35000,-0.000005457,4.7223E-008,2.8775E-006,3.2937E-008,2.8775E-006,3.2937E-008
229,13.40000,-5.4161E-006,4.6525E-008,2.8559E-006,3.245E-008,2.8559E-006,3.245E-008
230,13.45000,-5.3757E-006,4.5839E-008,2.8346E-006,0.000000032,2.8346E-006,0.000000032
231,13.50000,-5.3358E-006,4.5165E-008,2.8135E-006,3.1502E-008,2.8135E-006,3.1502E-008
232,13.55000,-5.2962E-006,4.4504E-008,2.7926E-006,0.000000031,2.7926E-006,0.000000031
233,13.60000,-5.2571E-006,4.3855E-008,2.7719E-006,3.0588E-008,2.7719E-006,3.0588E-008
234,13.65000,-5.2185E-006,4.3217E-008,2.7515E-006,3.0144E-008,2.7515E-006,3.0144E-008
235,13.70000,-5.1802E-006,4.2591E-008,2.7313E-006,2.9707E-008,2.7313E-006,2.9707E-008
236,13.75000,-5.1424E-006,0.000000042,2.7114E-006,2.9279E-008,2.7114E-006,2.9279E-008
237,13.80000,-0.000005105,4.1373E-008,2.6916E-006,2.8858E-008,2.6916E-006,2.8858E-008
238,13.85000,-0.000005068,4.078E-008,2.6721E-006,2.8444E-008,2.6721E-006,2.8444E-008
239,13.90000,-5.0314E-006,4.0197E-008,2.6527E-006,0.000000028,2.6527E-006,0.000000028
240,13.95000,-4.9952E-006,3.9625E-008,2.6336E-006,2.7639E-008,2.6336E-006,2.7639E-008
241,14.00000,-4.9594E-006,3.9063E-008,2.6147E-006,2.7247E-008,2.6147E-006,2.7247E-008
242,14.05000,-0.000004924,3.8511E-008,0.000002596,2.6862E-008,0.000002596,2.6862E-008
243,14.10000,-4.8889E-006,0.000000038,2.5775E-006,2.6484E-008,2.5775E-006,2.6484E-008
244,14.15000,-4.8543E-006,3.7436E-008,2.5592E-006,2.6112E-008,2.5592E-006,2.6112E-008
245,14.20000,-0.00000482,3.6912E-008,0.000002541,2.5747E-008,0.000002541,2.5747E-008
246,14.25000,-0.000004786,3.6397E-008,2.5231E-006,2.5388E-008,2.5231E-006,2.5388E-008
247,14.30000,-4.7524E-006,3.5891E-008,2.5054E-006,0.000000025,2.5054E-006,0.000000025
248,14.35000,-4.7192E-006,3.5394E-008,2.4878E-006,2.4689E-008,2.4878E-006,2.4689E-008
249,14.40000,-4.6863E-006,3.4906E-008,2.4705E-006,2.4348E-008,2.4705E-006,2.4348E-008
250,14.45000,-4.6538E-006,3.4426E-008,2.4533E-006,0.000000024,2.4533E-006,0.000000024
251,14.50000,-4.6215E-006,0.000000034,2.4363E-006,2.3684E-008,2.4363E-006,2.3684E-008
252,14.55000,-4.5897E-006,3.349E-008,2.4194E-006,2.3361E-008,2.4194E-006,2.3361E-008
253,14.60000,-4.5581E-006,0.000000033,2.4028E-006,0.000000023,2.4028E-006,0.000000023
254,14.65000,-4.5269E-006,3.2585E-008,2.3863E-006,2.273E-008,2.3863E-006,2.273E-008
255,14.70000,-0.000004496,3.2144E-008,0.00000237,2.2423E-008,0.00000237,2.2423E-008
256,14.75000,-4.4654E-006,3.1711E-008,2.3538E-006,2.212E-008,2.3538E-006,2.212E-008
257,14.80000,-4.4351E-006,3.1285E-008,2.3378E-006,2.1823E-008,2.3378E-006,2.1823E-008
258,14.85000,-4.4052E-006,3.0866E-008,0.000002322,2.1531E-008,0.000002322,2.1531E-008
259,14.90000,-4.3755E-006,3.0454E-008,2.3063E-006,2.1243E-008,2.3063E-006,2.1243E-008
260,14.95000,-4.3461E-006,0.00000003,2.2908E-006,0.000000021,2.2908E-006,0.000000021
261,15.00000,-4.3171E-006,2.965E-008,2.2755E-006,2.0683E-008,2.2755E-006,2.0683E-008
262,15.05000,-4.2883E-006,2.9257E-008,2.2603E-006,2.0409E-008,2.2603E-006,2.0409E-008
263,15.10000,-4.2598E-006,2.8872E-008,2.2453E-006,2.014E-008,2.2453E-006,2.014E-008
264,15.15000,-4.2316E-006,2.8492E-008,2.2304E-006,1.9876E-008,2.2304E-006,1.9876E-008
265,15.20000,-4.2036E-006,2.8119E-008,2.2156E-006,1.9616E-008,2.2156E-006,1.9616E-008
266,15.25000,-0.000004176,2.7752E-008,0.000002201,1.936E-008,0.000002201,1.936E-008
267,15.30000,-4.1486E-006,2.7391E-008,2.1866E-006,1.9108E-008,2.1866E-006,1.9108E-008
268,15.35000,-4.1215E-006,0.000000027,2.1722E-006,1.886E-008,2.1722E-006,1.886E-008
269,15.40000,-4.0946E-006,2.6686E-008,2.1581E-006,1.8616E-008,2.1581E-006,1.8616E-008
270,15.45000,-0.000004068,2.6342E-008,0.000002144,1.8376E-008,0.000002144,1.8376E-008
271,15.50000,-4.0417E-006,0.000000026,2.1301E-006,1.814E-008,2.1301E-006,1.814E-008
272,15.55000,-4.0156E-006,2.567E-008,2.1164E-006,1.7908E-008,2.1164E-006,1.7908E-008
273,15.60000,-3.9898E-006,2.5342E-008,2.1027E-006,1.7679E-008,2.1027E-006,1.7679E-008
274,15.65000,-3.9642E-006,0.000000025,2.0892E-006,1.7454E-008,2.0892E-006,1.7454E-008
275,15.70000,-3.9389E-006,2.4702E-008,2.0759E-006,1.7233E-008,2.0759E-006,1.7233E-008
276,15.75000,-3.9138E-006,2.439E-008,2.0626E-006,0.000000017,2.0626E-006,0.000000017
277,15.80000,-0.000003889,2.4082E-008,2.0495E-006,1.68E-008,2.0495E-006,1.68E-008
278,15.85000,-3.8643E-006,2.3779E-008,2.0365E-006,1.6589E-008,2.0365E-006,1.6589E-008
279,15.90000,-0.00000384,2.3481E-008,2.0236E-006,1.6381E-008,2.0236E-006,1.6381E-008
280,15.95000,-3.8158E-006,2.3188E-008,2.0109E-006,1.6176E-008,2.0109E-006,1.6176E-008
281,16.00000,-3.7919E-006,2.2899E-008,1.9983E-006,0.000000016,1.9983E-006,0.000000016
282,16.05000,-3.7682E-006,2.2614E-008,1.9858E-006,1.5776E-008,1.9858E-006,1.5776E-008
283,16.10000,-3.7447E-006,2.2334E-008,1.9734E-006,1.5581E-008,1.9734E-006,1.5581E-008
284,16.15000,-3.7215E-006,2.2058E-008,1.9611E-006,1.5389E-008,1.9611E-006,1.5389E-008
285,16.20000,-3.6984E-006,2.1787E-008,1.9489E-006,1.5199E-008,1.9489E-006,1.5199E-008
286,16.25000,-3.6756E-006,2.1519E-008,1.9369E-006,0.000000015,1.9369E-006,0.000000015
287,16.30000,-0.000003653,2.1256E-008,1.9249E-006,1.4829E-008,1.9249E-006,1.4829E-008
288,16.35000,-3.6306E-006,0.000000021,1.9131E-006,1.4648E-008,1.9131E-006,1.4648E-008
289,16.40000,-3.6083E-006,2.0741E-008,1.9014E-006,1.447E-008,1.9014E-006,1.447E-008
290,16.45000,-3.5863E-006,2.049E-008,1.8898E-006,1.4295E-008,1.8898E-006,1.4295E-008
291,16.50000,-3.5645E-006,2.0242E-008,1.8783E-006,1.4122E-008,1.8783E-006,1.4122E-008
292,16.55000,-3.5429E-006,0.00000002,1.8669E-006,0.000000014,1.8669E-006,0.000000014
293,16.60000,-3.5215E-006,1.9757E-008,1.8556E-006,1.3784E-008,1.8556E-006,1.3784E-008
294,16.65000,-3.5003E-006,1.952E-008,1.8444E-006,1.3619E-008,1.8444E-006,1.3619E-008
295,16.70000,-3.4793E-006,1.9287E-008,1.8333E-006,1.3456E-008,1.8333E-006,1.3456E-008
296,16.75000,-3.4585E-006,1.9057E-008,1.8223E-006,1.3296E-008,1.8223E-006,1.3296E-008
297,16.80000,-3.4378E-006,1.8831E-008,1.8114E-006,1.3138E-008,1.8114E-006,1.3138E-008
298,16.85000,-3.4174E-006,1.8608E-008,1.8006E-006,0.000000013,1.8006E-006,0.000000013
299,16.90000,-3.3971E-006,1.8388E-008,1.7899E-006,1.2829E-008,1.7899E-006,1.2829E-008
300,16.95000,-0.000003377,1.8171E-008,1.7793E-006,1.2678E-008,1.7793E-006,1.2678E-008
301,17.00000,-3.3571E-006,0.000000018,1.7688E-006,1.2529E-008,1.7688E-006,1.2529E-008
302,17.05000,-3.3373E-006,1.7747E-008,1.7584E-006,1.2382E-008,1.7584E-006,1.2382E-008
303,17.10000,-3.3177E-006,1.754E-008,1.7481E-006,1.2237E-008,1.7481E-006,1.2237E-008
304,17.15000,-3.2983E-006,1.7336E-008,1.7378E-006,1.2095E-008,1.7378E-006,1.2095E-008
305,17.20000,-3.2791E-006,1.7134E-008,1.7277E-006,0.000000012,1.7277E-006,0.000000012
306,17.25000,-0.00000326,1.6936E-008,1.7176E-006,1.1816E-008,1.7176E-006,1.1816E-008
307,17.30000,-3.2411E-006,1.674E-008,1.7076E-006,1.168E-008,1.7076E-006,1.168E-008
308,17.35000,-3.2224E-006,1.6548E-008,1.6978E-006,1.1545E-008,1.6978E-006,1.1545E-008
309,17.40000,-3.2038E-006,1.6358E-008,0.000001688,1.1413E-008,0.000001688,1.1413E-008
310,17.45000,-3.1854E-006,1.617E-008,1.6782E-006,1.1282E-008,1.6782E-006,1.1282E-008
311,17.50000,-3.1672E-006,0.000000016,1.6686E-006,1.1153E-008,1.6686E-006,1.1153E-008
312,17.55000,-3.1491E-006,1.5804E-008,1.6591E-006,0.000000011,1.6591E-006,0.000000011
313,17.60000,-3.1311E-006,1.5624E-008,1.6496E-006,1.0901E-008,1.6496E-006,1.0901E-008
314,17.65000,-3.1133E-006,1.5447E-008,1.6402E-006,1.0778E-008,1.6402E-006,1.0778E-008
315,17.70000,-3.0957E-006,1.5273E-008,1.6309E-006,1.0656E-008,1.6309E-006,1.0656E-008
316,17.75000,-3.0782E-006,1.5101E-008,1.6217E-006,1.0536E-008,1.6217E-006,1.0536E-008
317,17.80000,-3.0609E-006,1.4931E-008,1.6125E-006,1.0418E-008,1.6125E-006,1.0418E-008
318,17.85000,-3.0437E-006,1.4764E-008,1.6035E-006,1.0301E-008,1.6035E-006,1.0301E-008
319,17.90000,-3.0266E-006,1.4599E-008,1.5945E-006,1.0186E-008,1.5945E-006,1.0186E-008
320,17.95000,-3.0097E-006,1.4436E-008,1.5856E-006,1.0072E-008,1.5856E-006,1.0072E-008
321,18.00000,-0.000002993,1.4276E-008,1.5767E-006,0.00000001,1.5767E-006,0.00000001
322,18.05000,-2.9763E-006,1.4118E-008,1.5679E-006,9.8502E-009,1.5679E-006,9.8502E-009
323,18.10000,-2.9598E-006,0.000000014,1.5592E-006,9.7414E-009,1.5592E-006,9.7414E-009
324,18.15000,-2.9435E-006,1.3808E-008,1.5506E-006,9.634E-009,1.5506E-006,9.634E-009
325,18.20000,-2.9273E-006,1.3656E-008,1.5421E-006,9.5282E-009,1.5421E-006,9.5282E-009
326,18.25000,-2.9112E-006,1.3506E-008,1.5336E-006,9.4238E-009,1.5336E-006,9.4238E-009
327,18.30000,-2.8952E-006,1.3359E-008,1.5252E-006,9.3208E-009,1.5252E-006,9.3208E-009
328,18.35000,-2.8794E-006,1.3213E-008,1.5168E-006,9.2191E-009,1.5168E-006,9.2191E-009
329,18.40000,-2.8637E-006,1.3069E-008,1.5085E-006,9.1189E-009,1.5085E-006,9.1189E-009
330,18.45000,-2.8482E-006,1.2927E-008,1.5003E-006,0.000000009,1.5003E-006,0.000000009
331,18.50000,-2.8327E-006,1.2788E-008,1.4922E-006,8.9225E-009,1.4922E-006,8.9225E-009
332,18.55000,-2.8174E-006,1.265E-008,1.4841E-006,8.8262E-009,1.4841E-006,8.8262E-009
333,18.60000,-2.8022E-006,1.2513E-008,1.4761E-006,8.7313E-009,1.4761E-006,8.7313E-009
334,18.65000,-2.7872E-006,1.2379E-008,1.4682E-006,8.6376E-009,1.4682E-006,8.6376E-009
335,18.70000,-2.7722E-006,1.2247E-008,1.4603E-006,8.5452E-009,1.4603E-006,8.5452E-009
336,18.75000,-2.7574E-006,1.2116E-008,1.4525E-006,8.454E-009,1.4525E-006,8.454E-009
337,18.80000,-2.7427E-006,0.000000012,1.4447E-006,8.364E-009,1.4447E-006,8.364E-009
338,18.85000,-2.7281E-006,1.186E-008,0.000001437,8.2751E-009,0.000001437,8.2751E-009
339,18.90000,-2.7136E-006,1.1734E-008,1.4294E-006,8.1875E-009,1.4294E-006,8.1875E-009
340,18.95000,-2.6993E-006,1.161E-008,1.4218E-006,8.101E-009,1.4218E-006,8.101E-009
341,19.00000,-0.000002685,1.1488E-008,1.4143E-006,0.000000008,1.4143E-006,0.000000008
342,19.05000,-2.6709E-006,1.1367E-008,1.4069E-006,7.9314E-009,1.4069E-006,7.9314E-009
343,19.10000,-2.6569E-006,1.1248E-008,1.3995E-006,7.8483E-009,1.3995E-006,7.8483E-009
344,19.15000,-0.000002643,1.113E-008,1.3921E-006,7.7662E-009,1.3921E-006,7.7662E-009
345,19.20000,-2.6292E-006,0.000000011,1.3848E-006,7.6852E-009,1.3848E-006,7.6852E-009
346,19.25000,-2.6155E-006,1.0899E-008,1.3776E-006,7.6052E-009,1.3776E-006,7.6052E-009
347,19.30000,-2.6019E-006,1.0786E-008,1.3705E-006,7.5263E-009,1.3705E-006,7.5263E-009
348,19.35000,-2.5884E-006,1.0674E-008,1.3634E-006,7.4484E-009,1.3634E-006,7.4484E-009
349,19.40000,-2.5751E-006,1.0564E-008,1.3563E-006,7.3715E-009,1.3563E-006,7.3715E-009
350,19.45000,-2.5618E-006,1.0455E-008,1.3493E-006,7.2956E-009,1.3493E-006,7.2956E-009
351,19.50000,-2.5486E-006,1.0348E-008,1.3424E-006,7.2207E-009,1.3424E-006,7.2207E-009
352,19.55000,-2.5355E-006,1.0242E-008,1.3355E-006,7.1467E-009,1.3355E-006,7.1467E-009
353,19.60000,-2.5226E-006,1.0137E-008,1.3286E-006,7.0736E-009,1.3286E-006,7.0736E-009
354,19.65000,-2.5097E-006,0.00000001,1.3218E-006,0.000000007,1.3218E-006,0.000000007
355,19.70000,-2.4969E-006,9.9317E-009,1.3151E-006,6.9303E-009,1.3151E-006,6.9303E-009
356,19.75000,-2.4843E-006,9.831E-009,1.3084E-006,6.86E-009,1.3084E-006,6.86E-009
357,19.80000,-2.4717E-006,9.7314E-009,1.3018E-006,6.7906E-009,1.3018E-006,6.7906E-009
358,19.85000,-2.4592E-006,9.6332E-009,1.2952E-006,6.722E-009,1.2952E-006,6.722E-009
359,19.90000,-2.4468E-006,9.5361E-009,1.2887E-006,6.6543E-009,1.2887E-006,6.6543E-009
360,19.95000,-2.4345E-006,9.4403E-009,1.2822E-006,6.5875E-009,1.2822E-006,6.5875E-009
361,20.00000,-2.4223E-006,9.3457E-009,1.2758E-006,6.5214E-009,1.2758E-006,6.5214E-009
362,20.05000,-2.4102E-006,9.2522E-009,1.2694E-006,6.4563E-009,1.2694E-006,6.4563E-009
363,20.10000,-2.3982E-006,9.1599E-009,0.000001263,6.3919E-009,0.000001263,6.3919E-009
364,20.15000,-2.3863E-006,9.0688E-009,1.2567E-006,6.3283E-009,1.2567E-006,6.3283E-009
365,20.20000,-2.3744E-006,0.000000009,1.2505E-006,6.2655E-009,1.2505E-006,6.2655E-009
366,20.25000,-2.3627E-006,8.8899E-009,1.2443E-006,6.2034E-009,1.2443E-006,6.2034E-009
367,20.30000,-0.000002351,8.802E-009,1.2382E-006,6.1422E-009,1.2382E-006,6.1422E-009
368,20.35000,-2.3394E-006,8.7153E-009,1.2321E-006,6.0817E-009,1.2321E-006,6.0817E-009
369,20.40000,-2.3279E-006,8.6296E-009,0.000001226,0.000000006,0.000001226,0.000000006
370,20.45000,-2.3165E-006,8.545E-009,0.00000122,0.000000006,0.00000122,0.000000006
371,20.50000,-2.3052E-006,8.4614E-009,0.000001214,5.9045E-009,0.000001214,5.9045E-009
372,20.55000,-0.000002294,8.3788E-009,1.2081E-006,5.8469E-009,1.2081E-006,5.8469E-009
373,20.60000,-2.2828E-006,8.2972E-009,1.2022E-006,5.79E-009,1.2022E-006,5.79E-009
374,20.65000,-2.2717E-006,8.2166E-009,1.1964E-006,5.7337E-009,1.1964E-006,5.7337E-009
375,20.70000,-2.2607E-006,8.1369E-009,1.1906E-006,5.6782E-009,1.1906E-006,5.6782E-009
376,20.75000,-2.2498E-006,8.0583E-009,1.1848E-006,5.6233E-009,1.1848E-006,5.6233E-009
377,20.80000,-0.000002239,0.000000008,1.1791E-006,5.5691E-009,1.1791E-006,5.5691E-009
378,20.85000,-2.2282E-006,7.9037E-009,1.1734E-006,5.5155E-009,1.1734E-006,5.5155E-009
379,20.90000,-2.2175E-006,7.8278E-009,1.1678E-006,5.4625E-009,1.1678E-006,5.4625E-009
380,20.95000,-2.2069E-006,7.7529E-009,1.1622E-006,5.4102E-009,1.1622E-006,5.4102E-009
381,21.00000,-2.1964E-006,7.6788E-009,1.1566E-006,5.3585E-009,1.1566E-006,5.3585E-009
382,21.05000,-2.1859E-006,7.6056E-009,1.1511E-006,5.3075E-009,1.1511E-006,5.3075E-009
383,21.10000,-2.1755E-006,7.5332E-009,1.1456E-006,5.257E-009,1.1456E-006,5.257E-009
384,21.15000,-2.1652E-006,7.4617E-009,1.1402E-006,5.2071E-009,1.1402E-006,5.2071E-009
385,21.20000,-0.000002155,7.3911E-009,1.1348E-006,5.1578E-009,1.1348E-006,5.1578E-009
386,21.25000,-2.1448E-006,7.3213E-009,1.1295E-006,5.1091E-009,1.1295E-006,5.1091E-009
387,21.30000,-2.1347E-006,7.2523E-009,1.1241E-006,5.061E-009,1.1241E-006,5.061E-009
388,21.35000,-2.1247E-006,7.1841E-009,1.1189E-006,0.000000005,1.1189E-006,0.000000005
389,21.40000,-2.1148E-006,7.1167E-009,1.1136E-006,0.000000005,1.1136E-006,0.000000005
390,21.45000,-2.1049E-006,7.0501E-009,1.1084E-006,4.9199E-009,1.1084E-006,4.9199E-009
391,21.50000,-2.0951E-006,0.000000007,1.1032E-006,4.874E-009,1.1032E-006,4.874E-009
392,21.55000,-2.0853E-006,6.9192E-009,1.0981E-006,4.8286E-009,1.0981E-006,4.8286E-009
393,21.60000,-2.0757E-006,6.8549E-009,0.000001093,4.7837E-009,0.000001093,4.7837E-009
394,21.65000,-2.0661E-006,6.7913E-009,1.0879E-006,4.7394E-009,1.0879E-006,4.7394E-009
395,21.70000,-2.0565E-006,6.7285E-009,1.0829E-006,4.6955E-009,1.0829E-006,4.6955E-009
396,21.75000,-0.000002047,6.6663E-009,1.0779E-006,4.6522E-009,1.0779E-006,4.6522E-009
397,21.80000,-2.0376E-006,6.6049E-009,1.0729E-006,4.6093E-009,1.0729E-006,4.6093E-009
398,21.85000,-2.0283E-006,6.5442E-009,0.000001068,4.567E-009,0.000001068,4.567E-009
399,21.90000,-0.000002019,6.4842E-009,1.0631E-006,4.5251E-009,1.0631E-006,4.5251E-009
400,21.95000,-2.0098E-006,6.4249E-009,1.0583E-006,4.4837E-009,1.0583E-006,4.4837E-009
401,22.00000,-2.0006E-006,6.3662E-009,1.0534E-006,4.4428E-009,1.0534E-006,4.4428E-009
402,22.05000,-1.9915E-006,6.3082E-009,1.0487E-006,4.4023E-009,1.0487E-006,4.4023E-009
403,22.10000,-1.9825E-006,6.2509E-009,1.0439E-006,4.3623E-009,1.0439E-006,4.3623E-009
404,22.15000,-1.9735E-006,6.1942E-009,1.0392E-006,4.3228E-009,1.0392E-006,4.3228E-009
405,22.20000,-1.9646E-006,6.1382E-009,1.0345E-006,4.2837E-009,1.0345E-006,4.2837E-009
406,22.25000,-1.9558E-006,6.0827E-009,1.0298E-006,4.245E-009,1.0298E-006,4.245E-009
407,22.30000,-0.000001947,0.000000006,1.0252E-006,4.2068E-009,1.0252E-006,4.2068E-009
408,22.35000,-1.9383E-006,0.000000006,1.0206E-006,4.1689E-009,1.0206E-006,4.1689E-009
409,22.40000,-1.9296E-006,5.9202E-009,0.000001016,4.1316E-009,0.000001016,4.1316E-009
410,22.45000,-0.000001921,5.8672E-009,1.0115E-006,4.0946E-009,1.0115E-006,4.0946E-009
411,22.50000,-1.9124E-006,5.8148E-009,0.000001007,4.058E-009,0.000001007,4.058E-009
412,22.55000,-1.9039E-006,5.763E-009,1.0025E-006,0.000000004,1.0025E-006,0.000000004
413,22.60000,-1.8955E-006,5.7117E-009,0.000000998,0.000000004,0.000000998,0.000000004
414,22.65000,-1.8871E-006,5.6611E-009,9.9361E-007,0.000000004,9.9361E-007,0.000000004
415,22.70000,-1.8788E-006,5.6109E-009,9.8922E-007,3.9158E-009,9.8922E-007,3.9158E-009
416,22.75000,-1.8705E-006,5.5614E-009,9.8486E-007,3.8812E-009,9.8486E-007,3.8812E-009
417,22.80000,-1.8623E-006,5.5123E-009,9.8053E-007,3.847E-009,9.8053E-007,3.847E-009
418,22.85000,-1.8541E-006,5.4639E-009,9.7622E-007,3.8132E-009,9.7622E-007,3.8132E-009
419,22.90000,-0.000001846,5.4159E-009,0.000000972,3.7797E-009,0.000000972,3.7797E-009
420,22.95000,-1.8379E-006,5.3685E-009,9.677E-007,3.7466E-009,9.677E-007,3.7466E-009
421,23.00000,-1.8299E-006,5.3216E-009,9.6348E-007,3.7139E-009,9.6348E-007,3.7139E-009
422,23.05000,-0.000001822,5.2751E-009,9.5929E-007,3.6815E-009,9.5929E-007,3.6815E-009
423,23.10000,-1.8141E-006,5.2292E-009,9.5512E-007,3.6495E-009,9.5512E-007,3.6495E-009
424,23.15000,-1.8062E-006,5.1838E-009,0.000000951,3.6178E-009,0.000000951,3.6178E-009
425,23.20000,-1.7984E-006,5.1389E-009,9.4687E-007,3.5865E-009,9.4687E-007,3.5865E-009
426,23.25000,-1.7907E-006,5.0945E-009,9.4279E-007,3.5555E-009,9.4279E-007,3.5555E-009
427,23.30000,-0.000001783,5.0505E-009,9.3873E-007,3.5248E-009,9.3873E-007,3.5248E-009
428,23.35000,-1.7753E-006,0.000000005,9.347E-007,3.4944E-009,9.347E-007,3.4944E-009
429,23.40000,-1.7677E-006,0.000000005,9.3069E-007,3.4644E-009,9.3069E-007,3.4644E-009
430,23.45000,-1.7602E-006,4.9214E-009,9.2671E-007,3.4347E-009,9.2671E-007,3.4347E-009
431,23.50000,-1.7527E-006,4.8793E-009,9.2276E-007,3.4053E-009,9.2276E-007,3.4053E-009
432,23.55000,-1.7452E-006,4.8377E-009,9.1883E-007,3.3763E-009,9.1883E-007,3.3763E-009
433,23.60000,-1.7378E-006,4.7964E-009,9.1493E-007,3.3475E-009,9.1493E-007,3.3475E-009
434,23.65000,-1.7304E-006,4.7557E-009,9.1105E-007,3.319E-009,9.1105E-007,3.319E-009
435,23.70000,-1.7231E-006,4.7153E-009,9.0719E-007,3.2909E-009,9.0719E-007,3.2909E-009
436,23.75000,-1.7159E-006,4.6754E-009,9.0336E-007,3.263E-009,9.0336E-007,3.263E-009
437,23.80000,-1.7086E-006,4.6359E-009,8.9956E-007,3.2355E-009,8.9956E-007,3.2355E-009
438,23.85000,-1.7015E-006,4.5968E-009,8.9577E-007,3.2082E-009,8.9577E-007,3.2082E-009
439,23.90000,-1.6943E-006,4.5581E-009,0.000000892,3.1812E-009,0.000000892,3.1812E-009
440,23.95000,-1.6872E-006,4.5198E-009,8.8828E-007,3.1545E-009,8.8828E-007,3.1545E-009
441,24.00000,-1.6802E-006,4.4819E-009,8.8457E-007,3.128E-009,8.8457E-007,3.128E-009
442,24.05000,-1.6732E-006,4.4445E-009,8.8088E-007,3.1019E-009,8.8088E-007,3.1019E-009
443,24.10000,-1.6662E-006,4.4074E-009,8.7722E-007,3.076E-009,8.7722E-007,3.076E-009
444,24.15000,-1.6593E-006,4.3706E-009,8.7357E-007,3.0504E-009,8.7357E-007,3.0504E-009
445,24.20000,-1.6525E-006,4.3343E-009,0.00000087,0.000000003,0.00000087,0.000000003
446,24.25000,-1.6456E-006,4.2984E-009,8.6636E-007,0.000000003,8.6636E-007,0.000000003
447,24.30000,-1.6389E-006,4.2628E-009,8.6278E-007,0.000000003,8.6278E-007,0.000000003
448,24.35000,-1.6321E-006,4.2275E-009,8.5923E-007,0.000000003,8.5923E-007,0.000000003
449,24.40000,-1.6254E-006,4.1927E-009,8.557E-007,2.9262E-009,8.557E-007,2.9262E-009
450,24.45000,-1.6188E-006,4.1582E-009,8.5219E-007,2.9021E-009,8.5219E-007,2.9021E-009
451,24.50000,-1.6121E-006,4.124E-009,8.487E-007,2.8783E-009,8.487E-007,2.8783E-009
452,24.55000,-1.6056E-006,4.0902E-009,8.4524E-007,2.8547E-009,8.4524E-007,2.8547E-009
453,24.60000,-0.000001599,4.0568E-009,8.4179E-007,2.8314E-009,8.4179E-007,2.8314E-009
454,24.65000,-1.5925E-006,0.000000004,8.3837E-007,2.8083E-009,8.3837E-007,2.8083E-009
455,24.70000,-1.5861E-006,0.000000004,0.000000835,2.7854E-009,0.000000835,2.7854E-009
456,24.75000,-1.5796E-006,0.000000004,8.3158E-007,2.7628E-009,8.3158E-007,2.7628E-009
457,24.80000,-1.5733E-006,3.9263E-009,8.2822E-007,2.7403E-009,8.2822E-007,2.7403E-009
458,24.85000,-1.5669E-006,3.8945E-009,8.2488E-007,2.7182E-009,8.2488E-007,2.7182E-009
459,24.90000,-1.5606E-006,3.863E-009,8.2156E-007,2.6962E-009,8.2156E-007,2.6962E-009
460,24.95000,-1.5544E-006,3.8319E-009,8.1826E-007,2.6745E-009,8.1826E-007,2.6745E-009
461,25.00000,-1.5481E-006,3.801E-009,0.000000815,2.6529E-009,0.000000815,2.6529E-009
462,25.05000,-1.5419E-006,3.7705E-009,8.1171E-007,2.6316E-009,8.1171E-007,2.6316E-009
463,25.10000,-1.5358E-006,3.7403E-009,8.0847E-007,2.6105E-009,8.0847E-007,2.6105E-009
464,25.15000,-1.5297E-006,3.7103E-009,8.0525E-007,2.5896E-009,8.0525E-007,2.5896E-009
465,25.20000,-1.5236E-006,3.6807E-009,0.000000802,2.5689E-009,0.000000802,2.5689E-009
466,25.25000,-1.5175E-006,3.6514E-009,7.9886E-007,2.5485E-009,7.9886E-007,2.5485E-009
467,25.30000,-1.5115E-006,3.6223E-009,7.9569E-007,2.5282E-009,7.9569E-007,2.5282E-009
468,25.35000,-1.5056E-006,3.5935E-009,7.9255E-007,2.5081E-009,7.9255E-007,2.5081E-009
469,25.40000,-1.4996E-006,3.5651E-009,7.8942E-007,2.4883E-009,7.8942E-007,2.4883E-009
470,25.45000,-1.4937E-006,3.5369E-009,7.8631E-007,2.4686E-009,7.8631E-007,2.4686E-009
471,25.50000,-1.4879E-006,3.5089E-009,7.8322E-007,2.4491E-009,7.8322E-007,2.4491E-009
472,25.55000,-0.000001482,3.4813E-009,7.8014E-007,2.4298E-009,7.8014E-007,2.4298E-009
473,25.60000,-1.4762E-006,3.4539E-009,7.7709E-007,2.4107E-009,7.7709E-007,2.4107E-009
474,25.65000,-1.4705E-006,3.4268E-009,7.7405E-007,2.3918E-009,7.7405E-007,2.3918E-009
475,25.70000,-1.4647E-006,3.4E-009,0.000000771,2.373E-009,0.000000771,2.373E-009
476,25.75000,-0.000001459,3.3734E-009,0.000000768,2.3545E-009,0.000000768,2.3545E-009
477,25.80000,-1.4534E-006,3.347E-009,7.6505E-007,2.3361E-009,7.6505E-007,2.3361E-009
478,25.85000,-1.4477E-006,3.321E-009,7.6208E-007,2.3179E-009,7.6208E-007,2.3179E-009
479,25.90000,-1.4421E-006,3.2952E-009,7.5913E-007,2.2999E-009,7.5913E-007,2.2999E-009
480,25.95000,-1.4366E-006,3.2696E-009,7.562E-007,2.2821E-009,7.562E-007,2.2821E-009
481,26.00000,-0.000001431,3.2443E-009,7.5328E-007,2.2644E-009,7.5328E-007,2.2644E-009
482,26.05000,-1.4255E-006,3.2192E-009,7.5038E-007,2.2469E-009,7.5038E-007,2.2469E-009
483,26.10000,-1.4201E-006,3.1943E-009,7.475E-007,2.2296E-009,7.475E-007,2.2296E-009
484,26.15000,-1.4146E-006,3.1697E-009,7.4464E-007,2.2124E-009,7.4464E-007,2.2124E-009
485,26.20000,-1.4092E-006,3.1454E-009,7.4179E-007,2.1954E-009,7.4179E-007,2.1954E-009
486,26.25000,-1.4038E-006,3.1213E-009,0.000000739,2.1786E-009,0.000000739,2.1786E-009
487,26.30000,-1.3985E-006,3.0974E-009,7.3614E-007,2.1619E-009,7.3614E-007,2.1619E-009
488,26.35000,-1.3932E-006,3.0737E-009,7.3334E-007,2.1454E-009,7.3334E-007,2.1454E-009
489,26.40000,-1.3879E-006,3.0502E-009,7.3055E-007,2.129E-009,7.3055E-007,2.129E-009
490,26.45000,-1.3826E-006,0.000000003,7.2779E-007,2.1128E-009,7.2779E-007,2.1128E-009
491,26.50000,-1.3774E-006,0.000000003,0.000000725,2.0967E-009,0.000000725,2.0967E-009
492,26.55000,-1.3722E-006,0.000000003,7.223E-007,2.0808E-009,7.223E-007,2.0808E-009
493,26.60000,-0.000001367,0.000000003,7.1957E-007,2.0651E-009,7.1957E-007,2.0651E-009
494,26.65000,-1.3619E-006,2.9363E-009,7.1687E-007,0.000000002,7.1687E-007,0.000000002
495,26.70000,-1.3568E-006,2.9141E-009,7.1418E-007,0.000000002,7.1418E-007,0.000000002
496,26.75000,-1.3517E-006,2.8922E-009,7.115E-007,0.000000002,7.115E-007,0.000000002
497,26.80000,-1.3467E-006,2.8704E-009,7.0884E-007,0.000000002,7.0884E-007,0.000000002
498,26.85000,-1.3416E-006,2.8489E-009,7.0619E-007,0.000000002,7.0619E-007,0.000000002
499,26.90000,-1.3366E-006,2.8276E-009,7.0356E-007,0.000000002,7.0356E-007,0.000000002
500,26.95000,-1.3317E-006,2.8064E-009,7.0094E-007,0.000000002,7.0094E-007,0.000000002
501,27.00000,-1.3267E-006,2.7855E-009,6.9834E-007,1.9443E-009,6.9834E-007,1.9443E-009
502,27.05000,-1.3218E-006,2.7648E-009,6.9575E-007,1.9298E-009,6.9575E-007,1.9298E-009
503,27.10000,-1.3169E-006,2.7442E-009,6.9318E-007,1.9154E-009,6.9318E-007,1.9154E-009
504,27.15000,-1.3121E-006,2.7238E-009,6.9062E-007,1.9012E-009,6.9062E-007,1.9012E-009
505,27.20000,-1.3073E-006,2.7037E-009,6.8808E-007,1.8871E-009,6.8808E-007,1.8871E-009
506,27.25000,-1.3025E-006,2.6837E-009,6.8555E-007,1.8732E-009,6.8555E-007,1.8732E-009
507,27.30000,-1.2977E-006,2.6639E-009,0.000000683,1.8594E-009,0.000000683,1.8594E-009
508,27.35000,-1.2929E-006,2.6442E-009,6.8053E-007,1.8457E-009,6.8053E-007,1.8457E-009
509,27.40000,-1.2882E-006,2.6248E-009,0.000000678,1.8321E-009,0.000000678,1.8321E-009
510,27.45000,-1.2835E-006,2.6055E-009,6.7556E-007,1.8187E-009,6.7556E-007,1.8187E-009
511,27.50000,-1.2788E-006,2.5864E-009,6.731E-007,1.8053E-009,6.731E-007,1.8053E-009
512,27.55000,-1.2742E-006,2.5675E-009,6.7065E-007,1.7921E-009,6.7065E-007,1.7921E-009
513,27.60000,-1.2696E-006,2.5488E-009,6.6822E-007,1.7791E-009,6.6822E-007,1.7791E-009
514,27.65000,-0.000001265,2.5302E-009,6.6579E-007,1.7661E-009,6.6579E-007,1.7661E-009
515,27.70000,-1.2604E-006,2.5118E-009,6.6339E-007,1.7533E-009,6.6339E-007,1.7533E-009
516,27.75000,-1.2558E-006,2.4936E-009,0.000000661,1.7405E-009,0.000000661,1.7405E-009
517,27.80000,-1.2513E-006,2.4755E-009,6.5861E-007,1.7279E-009,6.5861E-007,1.7279E-009
518,27.85000,-1.2468E-006,2.4576E-009,6.5624E-007,1.7154E-009,6.5624E-007,1.7154E-009
519,27.90000,-1.2423E-006,2.4398E-009,6.5388E-007,1.703E-009,6.5388E-007,1.703E-009
520,27.95000,-1.2379E-006,2.4222E-009,6.5153E-007,1.6907E-009,6.5153E-007,1.6907E-009
521,28.00000,-1.2335E-006,2.4048E-009,6.492E-007,1.6786E-009,6.492E-007,1.6786E-009
522,28.05000,-0.000001229,2.3875E-009,6.4688E-007,1.6665E-009,6.4688E-007,1.6665E-009
523,28.10000,-1.2247E-006,2.3704E-009,6.4458E-007,1.6546E-009,6.4458E-007,1.6546E-009
524,28.15000,-1.2203E-006,2.3534E-009,6.4228E-007,1.6427E-009,6.4228E-007,1.6427E-009
525,28.20000,-0.000001216,2.3366E-009,0.00000064,1.631E-009,0.00000064,1.631E-009
526,28.25000,-1.2117E-006,2.3199E-009,6.3773E-007,1.6194E-009,6.3773E-007,1.6194E-009
527,28.30000,-1.2074E-006,2.3034E-009,6.3547E-007,1.6078E-009,6.3547E-007,1.6078E-009
528,28.35000,-1.2031E-006,2.287E-009,6.3322E-007,1.5964E-009,6.3322E-007,1.5964E-009
529,28.40000,-1.1989E-006,2.2708E-009,0.000000631,1.5851E-009,0.000000631,1.5851E-009
530,28.45000,-1.1947E-006,2.2547E-009,6.2877E-007,1.5738E-009,6.2877E-007,1.5738E-009
531,28.50000,-1.1905E-006,2.2388E-009,6.2656E-007,1.5627E-009,6.2656E-007,1.5627E-009
532,28.55000,-1.1863E-006,2.223E-009,6.2436E-007,1.5517E-009,6.2436E-007,1.5517E-009
533,28.60000,-1.1821E-006,2.2073E-009,6.2217E-007,1.5407E-009,6.2217E-007,1.5407E-009
534,28.65000,-0.000001178,2.1918E-009,0.00000062,1.5299E-009,0.00000062,1.5299E-009
535,28.70000,-1.1739E-006,2.1764E-009,6.1783E-007,1.5192E-009,6.1783E-007,1.5192E-009
536,28.75000,-1.1698E-006,2.1611E-009,6.1567E-007,1.5085E-009,6.1567E-007,1.5085E-009
537,28.80000,-1.1657E-006,2.146E-009,6.1353E-007,1.498E-009,6.1353E-007,1.498E-009
538,28.85000,-1.1617E-006,2.131E-009,6.114E-007,1.4875E-009,6.114E-007,1.4875E-009
539,28.90000,-1.1577E-006,2.1161E-009,6.0928E-007,1.4771E-009,6.0928E-007,1.4771E-009
540,28.95000,-1.1537E-006,2.1014E-009,6.0717E-007,1.4668E-009,6.0717E-007,1.4668E-009
541,29.00000,-1.1497E-006,2.0868E-009,6.0507E-007,1.4566E-009,6.0507E-007,1.4566E-009
542,29.05000,-1.1457E-006,2.0723E-009,0.000000603,1.4465E-009,0.000000603,1.4465E-009
543,29.10000,-1.1418E-006,2.058E-009,6.0091E-007,1.4365E-009,6.0091E-007,1.4365E-009
544,29.15000,-1.1378E-006,0.000000002,5.9884E-007,1.4266E-009,5.9884E-007,1.4266E-009
545,29.20000,-1.1339E-006,0.000000002,5.9679E-007,1.4167E-009,5.9679E-007,1.4167E-009
546,29.25000,-1.1301E-006,0.000000002,5.9475E-007,1.407E-009,5.9475E-007,1.407E-009
547,29.30000,-1.1262E-006,0.000000002,5.9271E-007,1.3973E-009,5.9271E-007,1.3973E-009
548,29.35000,-1.1224E-006,0.000000002,5.9069E-007,1.3877E-009,5.9069E-007,1.3877E-009
549,29.40000,-1.1185E-006,0.000000002,5.8867E-007,1.3782E-009,5.8867E-007,1.3782E-009
550,29.45000,-1.1147E-006,0.000000002,5.8667E-007,1.3688E-009,5.8667E-007,1.3688E-009
551,29.50000,-1.1109E-006,1.9475E-009,5.8468E-007,1.3594E-009,5.8468E-007,1.3594E-009
552,29.55000,-1.1072E-006,1.9342E-009,5.827E-007,1.3501E-009,5.827E-007,1.3501E-009
553,29.60000,-1.1034E-006,1.921E-009,5.8072E-007,1.3409E-009,5.8072E-007,1.3409E-009
554,29.65000,-1.0997E-006,1.9079E-009,5.7876E-007,1.3318E-009,5.7876E-007,1.3318E-009
555,29.70000,-0.000001096,1.895E-009,5.7681E-007,1.3228E-009,5.7681E-007,1.3228E-009
556,29.75000,-1.0923E-006,1.8821E-009,5.7487E-007,1.3138E-009,5.7487E-007,1.3138E-009
557,29.80000,-1.0886E-006,1.8694E-009,5.7293E-007,1.3049E-009,5.7293E-007,1.3049E-009
558,29.85000,-0.000001085,1.8568E-009,0.000000571,1.2961E-009,0.000000571,1.2961E-009
559,29.90000,-1.0814E-006,1.8443E-009,5.691E-007,1.2874E-009,5.691E-007,1.2874E-009
560,29.95000,-1.0777E-006,1.8318E-009,5.6719E-007,1.2787E-009,5.6719E-007,1.2787E-009
561,30.00000,-1.0741E-006,1.8195E-009,5.653E-007,1.2701E-009,5.653E-007,1.2701E-009
562,30.05000,-1.0706E-006,1.8073E-009,5.6341E-007,1.2616E-009,5.6341E-007,1.2616E-009
563,30.10000,-0.000001067,1.7952E-009,5.6154E-007,1.2531E-009,5.6154E-007,1.2531E-009
564,30.15000,-1.0635E-006,1.7832E-009,5.5967E-007,1.2448E-009,5.5967E-007,1.2448E-009
565,30.20000,-1.0599E-006,1.7713E-009,5.5781E-007,1.2365E-009,5.5781E-007,1.2365E-009
566,30.25000,-1.0564E-006,1.7595E-009,0.000000556,1.2282E-009,0.000000556,1.2282E-009
567,30.30000,-1.0529E-006,1.7478E-009,5.5413E-007,1.22E-009,5.5413E-007,1.22E-009
568,30.35000,-1.0495E-006,1.7362E-009,5.523E-007,1.2119E-009,5.523E-007,1.2119E-009
569,30.40000,-0.000001046,1.7246E-009,5.5048E-007,1.2039E-009,5.5048E-007,1.2039E-009
570,30.45000,-1.0426E-006,1.7132E-009,5.4867E-007,1.1959E-009,5.4867E-007,1.1959E-009
571,30.50000,-1.0391E-006,1.7019E-009,5.4687E-007,1.188E-009,5.4687E-007,1.188E-009
572,30.55000,-1.0357E-006,1.6907E-009,5.4507E-007,1.1802E-009,5.4507E-007,1.1802E-009
573,30.60000,-1.0324E-006,1.6795E-009,5.4329E-007,1.1724E-009,5.4329E-007,1.1724E-009
574,30.65000,-0.000001029,1.6685E-009,5.4151E-007,1.1647E-009,5.4151E-007,1.1647E-009
575,30.70000,-1.0256E-006,1.6575E-009,5.3974E-007,1.157E-009,5.3974E-007,1.157E-009
576,30.75000,-1.0223E-006,1.6466E-009,0.000000538,1.1495E-009,0.000000538,1.1495E-009
577,30.80000,-0.000001019,1.6359E-009,5.3624E-007,1.1419E-009,5.3624E-007,1.1419E-009
578,30.85000,-1.0157E-006,1.6252E-009,5.3449E-007,1.1345E-009,5.3449E-007,1.1345E-009
579,30.90000,-1.0124E-006,1.6146E-009,5.3276E-007,1.1271E-009,5.3276E-007,1.1271E-009
580,30.95000,-1.0091E-006,1.604E-009,0.000000531,1.1197E-009,0.000000531,1.1197E-009
581,31.00000,-1.0058E-006,1.5936E-009,5.2932E-007,1.1124E-009,5.2932E-007,1.1124E-009
582,31.05000,-1.0026E-006,1.5832E-009,5.2761E-007,1.1052E-009,5.2761E-007,1.1052E-009
583,31.10000,-9.9936E-007,1.573E-009,5.2591E-007,1.098E-009,5.2591E-007,1.098E-009
584,31.15000,-9.9615E-007,1.5628E-009,5.2422E-007,1.0909E-009,5.2422E-007,1.0909E-009
585,31.20000,-0.000000993,1.5527E-009,5.2254E-007,1.0839E-009,5.2254E-007,1.0839E-009
586,31.25000,-9.8977E-007,1.5427E-009,5.2086E-007,1.0769E-009,5.2086E-007,1.0769E-009
587,31.30000,-9.866E-007,1.5327E-009,5.192E-007,1.0699E-009,5.192E-007,1.0699E-009
588,31.35000,-9.8345E-007,1.5229E-009,5.1754E-007,1.0631E-009,5.1754E-007,1.0631E-009
589,31.40000,-9.8032E-007,1.5131E-009,5.1589E-007,1.0562E-009,5.1589E-007,1.0562E-009
590,31.45000,-9.7719E-007,1.5034E-009,5.1424E-007,0.000000001,5.1424E-007,0.000000001
591,31.50000,-9.7409E-007,1.4938E-009,5.1261E-007,0.000000001,5.1261E-007,0.000000001
592,31.55000,-0.000000971,1.4842E-009,0.000000511,0.000000001,0.000000511,0.000000001
593,31.60000,-9.6792E-007,1.4747E-009,5.0936E-007,0.000000001,5.0936E-007,0.000000001
594,31.65000,-9.6486E-007,1.4653E-009,5.0775E-007,0.000000001,5.0775E-007,0.000000001
595,31.70000,-9.6181E-007,1.456E-009,5.0614E-007,0.000000001,5.0614E-007,0.000000001
596,31.75000,-9.5878E-007,1.4468E-009,5.0454E-007,0.000000001,5.0454E-007,0.000000001
597,31.80000,-9.5576E-007,1.4376E-009,0.000000503,0.000000001,0.000000503,0.000000001
598,31.85000,-9.5276E-007,1.4285E-009,5.0137E-007,0.000000001,5.0137E-007,0.000000001
599,31.90000,-9.4977E-007,1.4194E-009,4.998E-007,0.000000001,4.998E-007,0.000000001
600,31.95000,-9.4679E-007,1.4105E-009,4.9823E-007,0.000000001,4.9823E-007,0.000000001
601,32.00000,-9.4383E-007,1.4016E-009,4.9667E-007,0.000000001,4.9667E-007,0.000000001
602,32.05000,-9.4088E-007,1.3928E-009,4.9512E-007,0.000000001,4.9512E-007,0.000000001
603,32.10000,-0.000000938,1.384E-009,4.9357E-007,0.000000001,4.9357E-007,0.000000001
604,32.15000,-0.000000935,1.3753E-009,0.000000492,0.000000001,0.000000492,0.000000001
605,32.20000,-9.3212E-007,1.3667E-009,4.9051E-007,0.000000001,4.9051E-007,0.000000001
606,32.25000,-9.2922E-007,1.3582E-009,0.000000489,9.4812E-010,0.000000489,9.4812E-010
607,32.30000,-9.2634E-007,1.3497E-009,4.8747E-007,9.422E-010,4.8747E-007,9.422E-010
608,32.35000,-9.2348E-007,1.3413E-009,0.000000486,9.3632E-010,0.000000486,9.3632E-010
609,32.40000,-9.2062E-007,1.3329E-009,4.8445E-007,9.3049E-010,4.8445E-007,9.3049E-010
610,32.45000,-9.1778E-007,1.3246E-009,0.000000483,9.2471E-010,0.000000483,9.2471E-010
611,32.50000,-0.000000915,1.3164E-009,4.8147E-007,9.1897E-010,4.8147E-007,9.1897E-010
612,32.55000,-9.1214E-007,1.3083E-009,0.00000048,9.1328E-010,0.00000048,9.1328E-010
613,32.60000,-9.0934E-007,1.3002E-009,4.7851E-007,9.0763E-010,4.7851E-007,9.0763E-010
614,32.65000,-9.0655E-007,1.2921E-009,0.000000477,9.0202E-010,0.000000477,9.0202E-010
615,32.70000,-9.0378E-007,1.2842E-009,4.7558E-007,8.9645E-010,4.7558E-007,8.9645E-010
616,32.75000,-0.000000901,1.2762E-009,4.7413E-007,8.9093E-010,4.7413E-007,8.9093E-010
617,32.80000,-8.9826E-007,1.2684E-009,4.7268E-007,8.8545E-010,4.7268E-007,8.8545E-010
618,32.85000,-8.9553E-007,1.2606E-009,4.7124E-007,8.8002E-010,4.7124E-007,8.8002E-010
619,32.90000,-8.928E-007,1.2529E-009,4.698E-007,8.7462E-010,4.698E-007,8.7462E-010
620,32.95000,-8.9009E-007,1.2452E-009,4.6838E-007,8.6927E-010,4.6838E-007,8.6927E-010
621,33.00000,-8.8739E-007,1.2376E-009,0.000000467,8.6396E-010,0.000000467,8.6396E-010
622,33.05000,-8.847E-007,1.23E-009,4.6554E-007,8.5868E-010,4.6554E-007,8.5868E-010
623,33.10000,-0.000000882,1.2225E-009,4.6413E-007,8.5345E-010,4.6413E-007,8.5345E-010
624,33.15000,-8.7936E-007,1.2151E-009,4.6273E-007,8.4826E-010,4.6273E-007,8.4826E-010
625,33.20000,-8.7671E-007,1.2077E-009,4.6133E-007,8.431E-010,4.6133E-007,8.431E-010
626,33.25000,-8.7407E-007,1.2004E-009,4.5994E-007,8.3799E-010,4.5994E-007,8.3799E-010
627,33.30000,-8.7144E-007,1.1931E-009,4.5856E-007,8.3291E-010,4.5856E-007,8.3291E-010
628,33.35000,-8.6883E-007,1.1859E-009,4.5718E-007,8.2788E-010,4.5718E-007,8.2788E-010
629,33.40000,-8.6622E-007,1.1787E-009,4.5581E-007,8.2287E-010,4.5581E-007,8.2287E-010
630,33.45000,-8.6363E-007,1.1716E-009,4.5445E-007,8.1791E-010,4.5445E-007,8.1791E-010
631,33.50000,-8.6105E-007,1.1646E-009,4.5309E-007,8.1299E-010,4.5309E-007,8.1299E-010
632,33.55000,-8.5848E-007,1.1576E-009,4.5173E-007,8.081E-010,4.5173E-007,8.081E-010
633,33.60000,-8.5592E-007,1.1506E-009,4.5039E-007,8.0325E-010,4.5039E-007,8.0325E-010
634,33.65000,-8.5338E-007,1.1437E-009,4.4905E-007,7.9843E-010,4.4905E-007,7.9843E-010
635,33.70000,-8.5084E-007,1.1369E-009,4.4771E-007,7.9365E-010,4.4771E-007,7.9365E-010
636,33.75000,-8.4832E-007,1.1301E-009,4.4638E-007,7.8891E-010,4.4638E-007,7.8891E-010
637,33.80000,-8.4581E-007,1.1233E-009,4.4506E-007,7.842E-010,4.4506E-007,7.842E-010
638,33.85000,-8.433E-007,1.1166E-009,4.4374E-007,7.7953E-010,4.4374E-007,7.7953E-010
639,33.90000,-8.4081E-007,1.11E-009,4.4243E-007,7.7489E-010,4.4243E-007,7.7489E-010
640,33.95000,-8.3834E-007,1.1034E-009,4.4113E-007,7.7029E-010,4.4113E-007,7.7029E-010
641,34.00000,-8.3587E-007,1.0968E-009,4.3983E-007,7.6572E-010,4.3983E-007,7.6572E-010
642,34.05000,-8.3341E-007,1.0903E-009,4.3853E-007,7.6118E-010,4.3853E-007,7.6118E-010
643,34.10000,-0.000000831,1.0839E-009,4.3725E-007,7.5668E-010,4.3725E-007,7.5668E-010
644,34.15000,-8.2853E-007,1.0775E-009,0.000000436,7.5221E-010,0.000000436,7.5221E-010
645,34.20000,-8.261E-007,1.0711E-009,4.3469E-007,7.4777E-010,4.3469E-007,7.4777E-010
646,34.25000,-8.2369E-007,1.0648E-009,4.3341E-007,7.4337E-010,4.3341E-007,7.4337E-010
647,34.30000,-8.2128E-007,1.0586E-009,4.3215E-007,7.3899E-010,4.3215E-007,7.3899E-010
648,34.35000,-8.1889E-007,1.0523E-009,4.3089E-007,7.3465E-010,4.3089E-007,7.3465E-010
649,34.40000,-8.1651E-007,0.000000001,4.2963E-007,7.3035E-010,4.2963E-007,7.3035E-010
650,34.45000,-8.1414E-007,0.000000001,4.2839E-007,7.2607E-010,4.2839E-007,7.2607E-010
651,34.50000,-8.1177E-007,0.000000001,4.2714E-007,7.2182E-010,4.2714E-007,7.2182E-010
652,34.55000,-8.0942E-007,0.000000001,4.259E-007,7.1761E-010,4.259E-007,7.1761E-010
653,34.60000,-8.0708E-007,0.000000001,4.2467E-007,7.1343E-010,4.2467E-007,7.1343E-010
654,34.65000,-8.0475E-007,0.000000001,4.2344E-007,7.0927E-010,4.2344E-007,7.0927E-010
655,34.70000,-8.0243E-007,0.000000001,4.2222E-007,7.0515E-010,4.2222E-007,7.0515E-010
656,34.75000,-8.0011E-007,0.000000001,0.000000421,7.0106E-010,0.000000421,7.0106E-010
657,34.80000,-7.9781E-007,0.000000001,4.1979E-007,6.9699E-010,4.1979E-007,6.9699E-010
658,34.85000,-7.9552E-007,0.000000001,4.1859E-007,6.9296E-010,4.1859E-007,6.9296E-010
659,34.90000,-7.9324E-007,0.000000001,4.1738E-007,6.8895E-010,4.1738E-007,6.8895E-010
660,34.95000,-0.000000791,0.000000001,4.1619E-007,6.8497E-010,4.1619E-007,6.8497E-010
661,35.00000,-7.8871E-007,0.000000001,0.000000415,6.8103E-010,0.000000415,6.8103E-010
662,35.05000,-7.8645E-007,0.000000001,4.1381E-007,6.7711E-010,4.1381E-007,6.7711E-010
663,35.10000,-7.8421E-007,0.000000001,4.1263E-007,6.7322E-010,4.1263E-007,6.7322E-010
664,35.15000,-0.000000782,0.000000001,4.1146E-007,6.6935E-010,4.1146E-007,6.6935E-010
665,35.20000,-7.7975E-007,0.000000001,4.1028E-007,6.6552E-010,4.1028E-007,6.6552E-010
666,35.25000,-7.7754E-007,9.4784E-010,4.0912E-007,6.6171E-010,4.0912E-007,6.6171E-010
667,35.30000,-7.7533E-007,9.4242E-010,0.000000408,6.5793E-010,0.000000408,6.5793E-010
668,35.35000,-7.7314E-007,9.3704E-010,4.068E-007,6.5417E-010,4.068E-007,6.5417E-010
669,35.40000,-0.000000771,9.317E-010,4.0565E-007,6.5044E-010,4.0565E-007,6.5044E-010
670,35.45000,-7.6878E-007,9.264E-010,4.0451E-007,6.4674E-010,4.0451E-007,6.4674E-010
671,35.50000,-7.6661E-007,9.2113E-010,4.0336E-007,6.4307E-010,4.0336E-007,6.4307E-010
672,35.55000,-7.6445E-007,9.159E-010,4.0223E-007,6.3942E-010,4.0223E-007,6.3942E-010
673,35.60000,-7.623E-007,9.1071E-010,4.011E-007,6.3579E-010,4.011E-007,6.3579E-010
674,35.65000,-7.6016E-007,9.0556E-010,0.0000004,6.322E-010,0.0000004,6.322E-010
675,35.70000,-0.000000758,9.0044E-010,3.9885E-007,6.2862E-010,3.9885E-007,6.2862E-010
676,35.75000,-7.5591E-007,8.9536E-010,3.9773E-007,6.2508E-010,3.9773E-007,6.2508E-010
677,35.80000,-7.5379E-007,8.9031E-010,3.9662E-007,6.2155E-010,3.9662E-007,6.2155E-010
678,35.85000,-7.5169E-007,8.853E-010,3.9551E-007,6.1806E-010,3.9551E-007,6.1806E-010
679,35.90000,-7.4959E-007,8.8032E-010,3.9441E-007,6.1458E-010,3.9441E-007,6.1458E-010
680,35.95000,-7.4751E-007,8.7538E-010,3.9331E-007,6.1113E-010,3.9331E-007,6.1113E-010
681,36.00000,-7.4543E-007,8.7048E-010,3.9221E-007,6.0771E-010,3.9221E-007,6.0771E-010
682,36.05000,-7.4336E-007,8.6561E-010,3.9112E-007,6.0431E-010,3.9112E-007,6.0431E-010
683,36.10000,-7.413E-007,8.6077E-010,0.00000039,6.0093E-010,0.00000039,6.0093E-010
684,36.15000,-7.3924E-007,8.5596E-010,0.000000389,5.9758E-010,0.000000389,5.9758E-010
685,36.20000,-7.372E-007,8.5119E-010,3.8788E-007,5.9425E-010,3.8788E-007,5.9425E-010
686,36.25000,-7.3516E-007,8.4646E-010,3.8681E-007,5.9094E-010,3.8681E-007,5.9094E-010
687,36.30000,-7.3314E-007,8.4175E-010,3.8574E-007,5.8766E-010,3.8574E-007,5.8766E-010
688,36.35000,-7.3112E-007,8.3708E-010,3.8468E-007,5.844E-010,3.8468E-007,5.844E-010
689,36.40000,-7.2911E-007,8.3244E-010,3.8362E-007,5.8116E-010,3.8362E-007,5.8116E-010
690,36.45000,-7.2711E-007,8.2783E-010,3.8257E-007,5.7794E-010,3.8257E-007,5.7794E-010
691,36.50000,-7.2511E-007,8.2325E-010,3.8152E-007,5.7475E-010,3.8152E-007,5.7475E-010
692,36.55000,-7.2313E-007,8.1871E-010,3.8047E-007,5.7157E-010,3.8047E-007,5.7157E-010
693,36.60000,-7.2115E-007,8.142E-010,3.7943E-007,5.6842E-010,3.7943E-007,5.6842E-010
694,36.65000,-7.1918E-007,8.0971E-010,3.784E-007,5.6529E-010,3.784E-007,5.6529E-010
695,36.70000,-7.1722E-007,8.0526E-010,3.7736E-007,5.6219E-010,3.7736E-007,5.6219E-010
696,36.75000,-7.1526E-007,8.0084E-010,3.7633E-007,5.591E-010,3.7633E-007,5.591E-010
697,36.80000,-7.1332E-007,7.9645E-010,3.7531E-007,5.5604E-010,3.7531E-007,5.5604E-010
698,36.85000,-7.1138E-007,7.9209E-010,3.7429E-007,5.5299E-010,3.7429E-007,5.5299E-010
699,36.90000,-7.0945E-007,7.8776E-010,3.7327E-007,5.4997E-010,3.7327E-007,5.4997E-010
700,36.95000,-7.0753E-007,7.8346E-010,3.7226E-007,5.4697E-010,3.7226E-007,5.4697E-010
701,37.00000,-7.0562E-007,7.7919E-010,3.7126E-007,5.4398E-010,3.7126E-007,5.4398E-010
702,37.05000,-7.0371E-007,7.7494E-010,3.7025E-007,5.4102E-010,3.7025E-007,5.4102E-010
703,37.10000,-7.0181E-007,7.7073E-010,3.6925E-007,5.3808E-010,3.6925E-007,5.3808E-010
704,37.15000,-6.9992E-007,7.6654E-010,3.6826E-007,5.3516E-010,3.6826E-007,5.3516E-010
705,37.20000,-0.000000698,7.6239E-010,3.6727E-007,5.3226E-010,3.6727E-007,5.3226E-010
706,37.25000,-6.9616E-007,7.5826E-010,3.6628E-007,5.2937E-010,3.6628E-007,5.2937E-010
707,37.30000,-6.9429E-007,7.5415E-010,3.653E-007,5.2651E-010,3.653E-007,5.2651E-010
708,37.35000,-6.9243E-007,7.5008E-010,3.6432E-007,5.2367E-010,3.6432E-007,5.2367E-010
709,37.40000,-6.9058E-007,7.4603E-010,3.6334E-007,5.2084E-010,3.6334E-007,5.2084E-010
710,37.45000,-6.8873E-007,7.4202E-010,3.6237E-007,5.1804E-010,3.6237E-007,5.1804E-010
711,37.50000,-6.869E-007,7.3802E-010,3.614E-007,5.1525E-010,3.614E-007,5.1525E-010
712,37.55000,-6.8507E-007,7.3406E-010,3.6044E-007,5.1248E-010,3.6044E-007,5.1248E-010
713,37.60000,-6.8324E-007,7.3012E-010,3.5948E-007,5.0973E-010,3.5948E-007,5.0973E-010
714,37.65000,-6.8143E-007,7.2621E-010,3.5852E-007,5.07E-010,3.5852E-007,5.07E-010
715,37.70000,-6.7962E-007,7.2232E-010,3.5757E-007,5.0429E-010,3.5757E-007,5.0429E-010
716,37.75000,-6.7781E-007,7.1846E-010,3.5662E-007,5.0159E-010,3.5662E-007,5.0159E-010
717,37.80000,-0.000000676,7.1463E-010,3.5568E-007,4.9892E-010,3.5568E-007,4.9892E-010
718,37.85000,-6.7423E-007,7.1082E-010,3.5474E-007,4.9626E-010,3.5474E-007,4.9626E-010
719,37.90000,-6.7245E-007,7.0703E-010,3.538E-007,4.9362E-010,3.538E-007,4.9362E-010
720,37.95000,-6.7068E-007,7.0327E-010,3.5286E-007,4.9099E-010,3.5286E-007,4.9099E-010
721,38.00000,-6.6891E-007,6.9954E-010,3.5193E-007,4.8839E-010,3.5193E-007,4.8839E-010
722,38.05000,-6.6715E-007,6.9583E-010,0.000000351,4.858E-010,0.000000351,4.858E-010
723,38.10000,-6.654E-007,6.9215E-010,3.5009E-007,4.8323E-010,3.5009E-007,4.8323E-010
724,38.15000,-6.6365E-007,6.8849E-010,3.4917E-007,4.8067E-010,3.4917E-007,4.8067E-010
725,38.20000,-6.6192E-007,6.8485E-010,3.4825E-007,4.7813E-010,3.4825E-007,4.7813E-010
726,38.25000,-6.6018E-007,6.8124E-010,3.4734E-007,4.7561E-010,3.4734E-007,4.7561E-010
727,38.30000,-6.5846E-007,6.7765E-010,3.4643E-007,4.7311E-010,3.4643E-007,4.7311E-010
728,38.35000,-6.5674E-007,6.7408E-010,3.4553E-007,4.7062E-010,3.4553E-007,4.7062E-010
729,38.40000,-0.000000655,6.7054E-010,3.4463E-007,4.6815E-010,3.4463E-007,4.6815E-010
730,38.45000,-6.5332E-007,6.6702E-010,3.4373E-007,4.6569E-010,3.4373E-007,4.6569E-010
731,38.50000,-6.5162E-007,6.6353E-010,3.4283E-007,4.6325E-010,3.4283E-007,4.6325E-010
732,38.55000,-6.4993E-007,6.6006E-010,3.4194E-007,4.6083E-010,3.4194E-007,4.6083E-010
733,38.60000,-6.4825E-007,6.5661E-010,3.4106E-007,4.5842E-010,3.4106E-007,4.5842E-010
734,38.65000,-6.4657E-007,6.5318E-010,3.4017E-007,4.5603E-010,3.4017E-007,4.5603E-010
735,38.70000,-6.449E-007,6.4978E-010,3.3929E-007,4.5365E-010,3.3929E-007,4.5365E-010
736,38.75000,-6.4323E-007,6.4639E-010,3.3842E-007,4.5129E-010,3.3842E-007,4.5129E-010
737,38.80000,-6.4157E-007,6.4303E-010,3.3754E-007,4.4894E-010,3.3754E-007,4.4894E-010
738,38.85000,-6.3992E-007,6.3969E-010,3.3667E-007,4.4661E-010,3.3667E-007,4.4661E-010
739,38.90000,-6.3827E-007,6.3638E-010,3.3581E-007,4.4429E-010,3.3581E-007,4.4429E-010
740,38.95000,-6.3663E-007,6.3308E-010,3.3494E-007,4.4199E-010,3.3494E-007,4.4199E-010
741,39.00000,-0.000000635,6.298E-010,3.3408E-007,4.3971E-010,3.3408E-007,4.3971E-010
742,39.05000,-6.3337E-007,6.2655E-010,3.3323E-007,4.3744E-010,3.3323E-007,4.3744E-010
743,39.10000,-6.3175E-007,6.2332E-010,3.3237E-007,4.3518E-010,3.3237E-007,4.3518E-010
744,39.15000,-6.3014E-007,6.2011E-010,3.3152E-007,4.3294E-010,3.3152E-007,4.3294E-010
745,39.20000,-6.2853E-007,6.1692E-010,3.3068E-007,4.3071E-010,3.3068E-007,4.3071E-010
746,39.25000,-6.2692E-007,6.1374E-010,3.2983E-007,4.285E-010,3.2983E-007,4.285E-010
747,39.30000,-6.2533E-007,6.1059E-010,0.000000329,4.263E-010,0.000000329,4.263E-010
748,39.35000,-6.2374E-007,6.0746E-010,3.2816E-007,4.2411E-010,3.2816E-007,4.2411E-010
749,39.40000,-6.2215E-007,6.0435E-010,3.2732E-007,4.2194E-010,3.2732E-007,4.2194E-010
750,39.45000,-6.2057E-007,6.0126E-010,3.2649E-007,4.1978E-010,3.2649E-007,4.1978E-010
751,39.50000,-0.000000619,5.9819E-010,3.2566E-007,4.1764E-010,3.2566E-007,4.1764E-010
752,39.55000,-6.1744E-007,5.9514E-010,3.2484E-007,4.1551E-010,3.2484E-007,4.1551E-010
753,39.60000,-6.1588E-007,5.9211E-010,0.000000324,4.134E-010,0.000000324,4.134E-010
754,39.65000,-6.1432E-007,5.891E-010,3.232E-007,4.1129E-010,3.232E-007,4.1129E-010
755,39.70000,-6.1277E-007,5.8611E-010,3.2238E-007,4.092E-010,3.2238E-007,4.092E-010
756,39.75000,-6.1123E-007,5.8313E-010,3.2157E-007,4.0713E-010,3.2157E-007,4.0713E-010
757,39.80000,-6.0969E-007,5.8018E-010,3.2076E-007,4.0506E-010,3.2076E-007,4.0506E-010
758,39.85000,-6.0816E-007,5.7724E-010,0.00000032,4.0301E-010,0.00000032,4.0301E-010
759,39.90000,-6.0664E-007,5.7432E-010,3.1915E-007,4.0098E-010,3.1915E-007,4.0098E-010
760,39.95000,-6.0512E-007,5.7142E-010,3.1835E-007,3.9895E-010,3.1835E-007,3.9895E-010
761,40.00000,-6.036E-007,5.6854E-010,3.1756E-007,3.9694E-010,3.1756E-007,3.9694E-010
762,40.05000,-6.0209E-007,5.6568E-010,3.1676E-007,3.9494E-010,3.1676E-007,3.9494E-010
763,40.10000,-6.0059E-007,5.6283E-010,0.000000316,3.9296E-010,0.000000316,3.9296E-010
764,40.15000,-5.9909E-007,5.6E-010,3.1518E-007,3.9098E-010,3.1518E-007,3.9098E-010
765,40.20000,-5.976E-007,5.5719E-010,3.144E-007,3.8902E-010,3.144E-007,3.8902E-010
766,40.25000,-5.9612E-007,5.544E-010,3.1362E-007,3.8707E-010,3.1362E-007,3.8707E-010
767,40.30000,-5.9464E-007,5.5163E-010,3.1284E-007,3.8513E-010,3.1284E-007,3.8513E-010
768,40.35000,-5.9316E-007,5.4887E-010,3.1206E-007,3.8321E-010,3.1206E-007,3.8321E-010
769,40.40000,-5.9169E-007,5.4613E-010,3.1129E-007,3.813E-010,3.1129E-007,3.813E-010
770,40.45000,-5.9023E-007,5.4341E-010,3.1052E-007,3.7939E-010,3.1052E-007,3.7939E-010
771,40.50000,-5.8877E-007,5.407E-010,3.0975E-007,3.7751E-010,3.0975E-007,3.7751E-010
772,40.55000,-5.8732E-007,5.3801E-010,0.000000309,3.7563E-010,0.000000309,3.7563E-010
773,40.60000,-5.8587E-007,5.3534E-010,3.0822E-007,3.7376E-010,3.0822E-007,3.7376E-010
774,40.65000,-5.8443E-007,5.3268E-010,3.0746E-007,3.7191E-010,3.0746E-007,3.7191E-010
775,40.70000,-0.000000583,5.3004E-010,3.0671E-007,3.7007E-010,3.0671E-007,3.7007E-010
776,40.75000,-5.8156E-007,5.2742E-010,0.000000306,3.6823E-010,0.000000306,3.6823E-010
777,40.80000,-5.8013E-007,5.2481E-010,3.052E-007,3.6641E-010,3.052E-007,3.6641E-010
778,40.85000,-5.7871E-007,5.2222E-010,3.0446E-007,3.6461E-010,3.0446E-007,3.6461E-010
779,40.90000,-5.7729E-007,5.1964E-010,3.0371E-007,3.6281E-010,3.0371E-007,3.6281E-010
780,40.95000,-5.7588E-007,5.1708E-010,0.000000303,3.6102E-010,0.000000303,3.6102E-010
781,41.00000,-5.7448E-007,5.1454E-010,3.0223E-007,3.5924E-010,3.0223E-007,3.5924E-010
782,41.05000,-5.7308E-007,5.1201E-010,3.0149E-007,3.5748E-010,3.0149E-007,3.5748E-010
783,41.10000,-5.7168E-007,5.095E-010,3.0076E-007,3.5573E-010,3.0076E-007,3.5573E-010
784,41.15000,-5.7029E-007,5.07E-010,0.0000003,3.5398E-010,0.0000003,3.5398E-010
785,41.20000,-5.6891E-007,5.0452E-010,2.993E-007,3.5225E-010,2.993E-007,3.5225E-010
786,41.25000,-5.6753E-007,5.0205E-010,2.9857E-007,3.5053E-010,2.9857E-007,3.5053E-010
787,41.30000,-5.6615E-007,4.996E-010,2.9785E-007,3.4882E-010,2.9785E-007,3.4882E-010
788,41.35000,-5.6478E-007,4.9717E-010,2.9712E-007,3.4712E-010,2.9712E-007,3.4712E-010
789,41.40000,-5.6342E-007,4.9474E-010,2.9641E-007,3.4543E-010,2.9641E-007,3.4543E-010
790,41.45000,-5.6206E-007,4.9234E-010,2.9569E-007,3.4375E-010,2.9569E-007,3.4375E-010
791,41.50000,-5.607E-007,4.8995E-010,0.000000295,3.4207E-010,0.000000295,3.4207E-010
792,41.55000,-5.5935E-007,4.8757E-010,2.9427E-007,3.4042E-010,2.9427E-007,3.4042E-010
793,41.60000,-0.000000558,4.852E-010,2.9356E-007,3.3877E-010,2.9356E-007,3.3877E-010
794,41.65000,-5.5666E-007,4.8285E-010,2.9285E-007,3.3712E-010,2.9285E-007,3.3712E-010
795,41.70000,-5.5533E-007,4.8052E-010,2.9215E-007,3.3549E-010,2.9215E-007,3.3549E-010
796,41.75000,-0.000000554,4.782E-010,2.9145E-007,3.3387E-010,2.9145E-007,3.3387E-010
797,41.80000,-5.5267E-007,4.7589E-010,2.9075E-007,3.3226E-010,2.9075E-007,3.3226E-010
798,41.85000,-5.5135E-007,4.736E-010,2.9005E-007,3.3066E-010,2.9005E-007,3.3066E-010
799,41.90000,-0.00000055,4.7132E-010,2.8936E-007,3.2907E-010,2.8936E-007,3.2907E-010
800,41.95000,-5.4872E-007,4.6905E-010,2.8867E-007,3.2749E-010,2.8867E-007,3.2749E-010
801,42.00000,-5.4741E-007,4.668E-010,0.000000288,3.2592E-010,0.000000288,3.2592E-010
802,42.05000,-5.4611E-007,4.6456E-010,2.873E-007,3.2436E-010,2.873E-007,3.2436E-010
803,42.10000,-5.4481E-007,4.6234E-010,2.8661E-007,3.228E-010,2.8661E-007,3.228E-010
804,42.15000,-5.4352E-007,4.6013E-010,2.8593E-007,3.2126E-010,2.8593E-007,3.2126E-010
805,42.20000,-5.4223E-007,4.5793E-010,2.8526E-007,3.1972E-010,2.8526E-007,3.1972E-010
806,42.25000,-5.4094E-007,4.5574E-010,2.8458E-007,3.182E-010,2.8458E-007,3.182E-010
807,42.30000,-5.3966E-007,4.5357E-010,2.8391E-007,3.1668E-010,2.8391E-007,3.1668E-010
808,42.35000,-5.3839E-007,4.5141E-010,2.8323E-007,3.1517E-010,2.8323E-007,3.1517E-010
809,42.40000,-5.3712E-007,4.4926E-010,2.8257E-007,3.1367E-010,2.8257E-007,3.1367E-010
810,42.45000,-5.3585E-007,4.4713E-010,2.819E-007,3.1218E-010,2.819E-007,3.1218E-010
811,42.50000,-5.3459E-007,4.4501E-010,2.8124E-007,3.107E-010,2.8124E-007,3.107E-010
812,42.55000,-5.3333E-007,4.429E-010,2.8057E-007,3.0923E-010,2.8057E-007,3.0923E-010
813,42.60000,-5.3208E-007,4.408E-010,2.7991E-007,3.0777E-010,2.7991E-007,3.0777E-010
814,42.65000,-5.3083E-007,4.3872E-010,2.7926E-007,3.0631E-010,2.7926E-007,3.0631E-010
815,42.70000,-5.2959E-007,4.3665E-010,2.786E-007,3.0487E-010,2.786E-007,3.0487E-010
816,42.75000,-5.2835E-007,4.3459E-010,0.000000278,3.0343E-010,0.000000278,3.0343E-010
817,42.80000,-5.2711E-007,4.3254E-010,2.773E-007,3.02E-010,2.773E-007,3.02E-010
818,42.85000,-5.2588E-007,4.3051E-010,2.7665E-007,3.0058E-010,2.7665E-007,3.0058E-010
819,42.90000,-5.2466E-007,4.2848E-010,0.000000276,2.9917E-010,0.000000276,2.9917E-010
820,42.95000,-5.2343E-007,4.2647E-010,2.7536E-007,2.9776E-010,2.7536E-007,2.9776E-010
821,43.00000,-5.2222E-007,4.2447E-010,2.7472E-007,2.9637E-010,2.7472E-007,2.9637E-010
822,43.05000,-0.000000521,4.2248E-010,2.7408E-007,2.9498E-010,2.7408E-007,2.9498E-010
823,43.10000,-5.1979E-007,4.2051E-010,2.7345E-007,2.936E-010,2.7345E-007,2.936E-010
824,43.15000,-5.1859E-007,4.1854E-010,2.7281E-007,2.9223E-010,2.7281E-007,2.9223E-010
825,43.20000,-5.1739E-007,4.1659E-010,2.7218E-007,2.9086E-010,2.7218E-007,2.9086E-010
826,43.25000,-5.1619E-007,4.1465E-010,2.7155E-007,2.8951E-010,2.7155E-007,2.8951E-010
827,43.30000,-0.000000515,4.1272E-010,2.7092E-007,2.8816E-010,2.7092E-007,2.8816E-010
828,43.35000,-5.1381E-007,4.108E-010,2.703E-007,2.8682E-010,2.703E-007,2.8682E-010
829,43.40000,-5.1262E-007,4.0889E-010,2.6967E-007,2.8549E-010,2.6967E-007,2.8549E-010
830,43.45000,-5.1144E-007,4.0699E-010,2.6905E-007,2.8416E-010,2.6905E-007,2.8416E-010
831,43.50000,-5.1026E-007,4.0511E-010,2.6843E-007,2.8285E-010,2.6843E-007,2.8285E-010
832,43.55000,-5.0909E-007,4.0323E-010,2.6782E-007,2.8154E-010,2.6782E-007,2.8154E-010
833,43.60000,-5.0792E-007,4.0137E-010,2.672E-007,2.8024E-010,2.672E-007,2.8024E-010
834,43.65000,-5.0676E-007,3.9951E-010,2.6659E-007,2.7894E-010,2.6659E-007,2.7894E-010
835,43.70000,-5.056E-007,3.9767E-010,0.000000266,2.7766E-010,0.000000266,2.7766E-010
836,43.75000,-5.0444E-007,3.9584E-010,2.6537E-007,2.7638E-010,2.6537E-007,2.7638E-010
837,43.80000,-5.0329E-007,3.9402E-010,2.6476E-007,2.7511E-010,2.6476E-007,2.7511E-010
838,43.85000,-5.0214E-007,3.922E-010,2.6416E-007,2.7384E-010,2.6416E-007,2.7384E-010
839,43.90000,-0.000000501,3.904E-010,2.6355E-007,2.7258E-010,2.6355E-007,2.7258E-010
840,43.95000,-4.9986E-007,3.8861E-010,0.000000263,2.7133E-010,0.000000263,2.7133E-010
841,44.00000,-4.9872E-007,3.8683E-010,2.6236E-007,2.7009E-010,2.6236E-007,2.7009E-010
842,44.05000,-4.9759E-007,3.8506E-010,2.6176E-007,2.6886E-010,2.6176E-007,2.6886E-010
843,44.10000,-4.9646E-007,3.833E-010,2.6117E-007,2.6763E-010,2.6117E-007,2.6763E-010
844,44.15000,-4.9533E-007,3.8155E-010,2.6057E-007,2.664E-010,2.6057E-007,2.664E-010
845,44.20000,-4.9421E-007,3.7981E-010,0.00000026,2.6519E-010,0.00000026,2.6519E-010
846,44.25000,-4.9309E-007,3.7808E-010,2.594E-007,2.6398E-010,2.594E-007,2.6398E-010
847,44.30000,-0.000000492,3.7636E-010,2.5881E-007,2.6278E-010,2.5881E-007,2.6278E-010
848,44.35000,-4.9087E-007,3.7465E-010,2.5823E-007,2.6159E-010,2.5823E-007,2.6159E-010
849,44.40000,-4.8976E-007,3.7295E-010,2.5764E-007,2.604E-010,2.5764E-007,2.604E-010
850,44.45000,-4.8866E-007,3.7126E-010,2.5706E-007,2.5922E-010,2.5706E-007,2.5922E-010
851,44.50000,-4.8756E-007,3.6958E-010,2.5648E-007,2.5805E-010,2.5648E-007,2.5805E-010
852,44.55000,-4.8647E-007,3.6791E-010,2.5591E-007,2.5688E-010,2.5591E-007,2.5688E-010
853,44.60000,-4.8538E-007,3.6624E-010,2.5533E-007,2.5572E-010,2.5533E-007,2.5572E-010
854,44.65000,-4.8429E-007,3.6459E-010,2.5476E-007,2.5456E-010,2.5476E-007,2.5456E-010
855,44.70000,-4.832E-007,3.6295E-010,2.5419E-007,2.5342E-010,2.5419E-007,2.5342E-010
856,44.75000,-4.8212E-007,3.6131E-010,2.5362E-007,2.5227E-010,2.5362E-007,2.5227E-010
857,44.80000,-4.8105E-007,3.5969E-010,2.5306E-007,2.5114E-010,2.5306E-007,2.5114E-010
858,44.85000,-0.00000048,3.5807E-010,2.5249E-007,2.5001E-010,2.5249E-007,2.5001E-010
859,44.90000,-4.789E-007,3.5646E-010,2.5193E-007,2.4889E-010,2.5193E-007,2.4889E-010
860,44.95000,-4.7784E-007,3.5486E-010,2.5137E-007,2.4777E-010,2.5137E-007,2.4777E-010
861,45.00000,-4.7677E-007,3.5328E-010,2.5081E-007,2.4666E-010,2.5081E-007,2.4666E-010
862,45.05000,-4.7572E-007,3.517E-010,2.5025E-007,2.4556E-010,2.5025E-007,2.4556E-010
863,45.10000,-4.7466E-007,3.5012E-010,2.4969E-007,2.4446E-010,2.4969E-007,2.4446E-010
864,45.15000,-4.7361E-007,3.4856E-010,2.4914E-007,2.4337E-010,2.4914E-007,2.4337E-010
865,45.20000,-4.7256E-007,3.4701E-010,2.4859E-007,2.4229E-010,2.4859E-007,2.4229E-010
866,45.25000,-4.7151E-007,3.4546E-010,0.000000248,2.4121E-010,0.000000248,2.4121E-010
867,45.30000,-4.7047E-007,3.4392E-010,2.4749E-007,2.4014E-010,2.4749E-007,2.4014E-010
868,45.35000,-4.6943E-007,3.424E-010,0.000000247,2.3907E-010,0.000000247,2.3907E-010
869,45.40000,-4.684E-007,3.4088E-010,2.464E-007,2.3801E-010,2.464E-007,2.3801E-010
870,45.45000,-4.6737E-007,3.3937E-010,2.4586E-007,2.3695E-010,2.4586E-007,2.3695E-010
871,45.50000,-4.6634E-007,3.3786E-010,2.4532E-007,2.359E-010,2.4532E-007,2.359E-010
872,45.55000,-4.6532E-007,3.3637E-010,2.4478E-007,2.3486E-010,2.4478E-007,2.3486E-010
873,45.60000,-4.643E-007,3.3488E-010,2.4424E-007,2.3382E-010,2.4424E-007,2.3382E-010
874,45.65000,-4.6328E-007,3.334E-010,2.4371E-007,2.3279E-010,2.4371E-007,2.3279E-010
875,45.70000,-4.6226E-007,3.3193E-010,2.4317E-007,2.3176E-010,2.4317E-007,2.3176E-010
876,45.75000,-4.6125E-007,3.3047E-010,2.4264E-007,2.3074E-010,2.4264E-007,2.3074E-010
877,45.80000,-4.6024E-007,3.2902E-010,2.4211E-007,2.2973E-010,2.4211E-007,2.2973E-010
878,45.85000,-4.5924E-007,3.2757E-010,2.4158E-007,2.2872E-010,2.4158E-007,2.2872E-010
879,45.90000,-4.5824E-007,3.2613E-010,2.4105E-007,2.2772E-010,2.4105E-007,2.2772E-010
880,45.95000,-4.5724E-007,3.247E-010,2.4053E-007,2.2672E-010,2.4053E-007,2.2672E-010
881,46.00000,-4.5625E-007,3.2328E-010,0.00000024,2.2572E-010,0.00000024,2.2572E-010
882,46.05000,-4.5526E-007,3.2187E-010,2.3948E-007,2.2474E-010,2.3948E-007,2.2474E-010
883,46.10000,-4.5427E-007,3.2046E-010,0.000000239,2.2375E-010,0.000000239,2.2375E-010
884,46.15000,-4.5328E-007,3.1906E-010,2.3844E-007,2.2278E-010,2.3844E-007,2.2278E-010
885,46.20000,-4.523E-007,3.1767E-010,2.3793E-007,2.2181E-010,2.3793E-007,2.2181E-010
886,46.25000,-4.5132E-007,3.1629E-010,2.3741E-007,2.2084E-010,2.3741E-007,2.2084E-010
887,46.30000,-4.5035E-007,3.1491E-010,2.369E-007,2.1988E-010,2.369E-007,2.1988E-010
888,46.35000,-4.4937E-007,3.1354E-010,2.3639E-007,2.1892E-010,2.3639E-007,2.1892E-010
889,46.40000,-4.4841E-007,3.1218E-010,2.3588E-007,2.1797E-010,2.3588E-007,2.1797E-010
890,46.45000,-4.4744E-007,3.1083E-010,2.3537E-007,2.1703E-010,2.3537E-007,2.1703E-010
891,46.50000,-4.4648E-007,3.0948E-010,2.3486E-007,2.1609E-010,2.3486E-007,2.1609E-010
892,46.55000,-4.4552E-007,3.0814E-010,2.3436E-007,2.1515E-010,2.3436E-007,2.1515E-010
893,46.60000,-4.4456E-007,3.0681E-010,2.3386E-007,2.1422E-010,2.3386E-007,2.1422E-010
894,46.65000,-4.4361E-007,3.0548E-010,2.3335E-007,2.133E-010,2.3335E-007,2.133E-010
895,46.70000,-4.4266E-007,3.0417E-010,2.3285E-007,2.1238E-010,2.3285E-007,2.1238E-010
896,46.75000,-4.4171E-007,3.0285E-010,2.3235E-007,2.1146E-010,2.3235E-007,2.1146E-010
897,46.80000,-4.4076E-007,3.0155E-010,2.3186E-007,2.1055E-010,2.3186E-007,2.1055E-010
898,46.85000,-4.3982E-007,3.0025E-010,2.3136E-007,2.0965E-010,2.3136E-007,2.0965E-010
899,46.90000,-4.3888E-007,2.9897E-010,2.3087E-007,2.0875E-010,2.3087E-007,2.0875E-010
900,46.95000,-0.000000438,2.9768E-010,2.3038E-007,2.0785E-010,2.3038E-007,2.0785E-010
901,47.00000,-0.000000437,2.9641E-010,2.2989E-007,2.0696E-010,2.2989E-007,2.0696E-010
902,47.05000,-4.3609E-007,2.9514E-010,2.294E-007,2.0608E-010,2.294E-007,2.0608E-010
903,47.10000,-4.3516E-007,2.9388E-010,2.2891E-007,2.0519E-010,2.2891E-007,2.0519E-010
904,47.15000,-4.3424E-007,2.9262E-010,2.2842E-007,2.0432E-010,2.2842E-007,2.0432E-010
905,47.20000,-4.3332E-007,2.9137E-010,2.2794E-007,2.0345E-010,2.2794E-007,2.0345E-010
906,47.25000,-4.324E-007,2.9013E-010,2.2746E-007,2.0258E-010,2.2746E-007,2.0258E-010
907,47.30000,-4.3149E-007,2.8889E-010,0.000000227,2.0172E-010,0.000000227,2.0172E-010
908,47.35000,-4.3057E-007,2.8767E-010,2.2649E-007,2.0086E-010,2.2649E-007,2.0086E-010
909,47.40000,-4.2966E-007,2.8644E-010,0.000000226,2.0001E-010,0.000000226,2.0001E-010
910,47.45000,-4.2876E-007,2.8523E-010,2.2554E-007,1.9916E-010,2.2554E-007,1.9916E-010
911,47.50000,-4.2786E-007,2.8402E-010,2.2506E-007,1.9831E-010,2.2506E-007,1.9831E-010
912,47.55000,-0.000000427,2.8281E-010,2.2459E-007,1.9747E-010,2.2459E-007,1.9747E-010
913,47.60000,-4.2606E-007,2.8162E-010,2.2412E-007,1.9664E-010,2.2412E-007,1.9664E-010
914,47.65000,-4.2516E-007,2.8043E-010,2.2365E-007,1.9581E-010,2.2365E-007,1.9581E-010
915,47.70000,-4.2427E-007,2.7924E-010,2.2318E-007,1.9498E-010,2.2318E-007,1.9498E-010
916,47.75000,-4.2338E-007,2.7807E-010,2.2271E-007,1.9416E-010,2.2271E-007,1.9416E-010
917,47.80000,-4.225E-007,2.7689E-010,2.2224E-007,1.9334E-010,2.2224E-007,1.9334E-010
918,47.85000,-4.2161E-007,2.7573E-010,2.2178E-007,1.9253E-010,2.2178E-007,1.9253E-010
919,47.90000,-4.2073E-007,2.7457E-010,2.2132E-007,1.9172E-010,2.2132E-007,1.9172E-010
920,47.95000,-4.1985E-007,2.7342E-010,2.2085E-007,1.9091E-010,2.2085E-007,1.9091E-010
921,48.00000,-0.000000419,2.7227E-010,2.2039E-007,1.9011E-010,2.2039E-007,1.9011E-010
922,48.05000,-4.1811E-007,2.7113E-010,2.1993E-007,1.8931E-010,2.1993E-007,1.8931E-010
923,48.10000,-4.1724E-007,2.6999E-010,2.1948E-007,1.8852E-010,2.1948E-007,1.8852E-010
924,48.15000,-4.1637E-007,2.6886E-010,0.000000219,1.8773E-010,0.000000219,1.8773E-010
925,48.20000,-4.155E-007,2.6774E-010,2.1857E-007,1.8695E-010,2.1857E-007,1.8695E-010
926,48.25000,-4.1464E-007,2.6662E-010,2.1811E-007,1.8617E-010,2.1811E-007,1.8617E-010
927,48.30000,-4.1378E-007,2.6551E-010,2.1766E-007,1.8539E-010,2.1766E-007,1.8539E-010
928,48.35000,-4.1293E-007,2.6441E-010,2.1721E-007,1.8462E-010,2.1721E-007,1.8462E-010
929,48.40000,-4.1207E-007,2.6331E-010,2.1676E-007,1.8385E-010,2.1676E-007,1.8385E-010
930,48.45000,-4.1122E-007,2.6221E-010,2.1631E-007,1.8309E-010,2.1631E-007,1.8309E-010
931,48.50000,-4.1037E-007,2.6112E-010,2.1587E-007,1.8233E-010,2.1587E-007,1.8233E-010
932,48.55000,-4.0953E-007,2.6004E-010,2.1542E-007,1.8157E-010,2.1542E-007,1.8157E-010
933,48.60000,-4.0869E-007,2.5896E-010,0.000000215,1.8082E-010,0.000000215,1.8082E-010
934,48.65000,-4.0785E-007,2.5789E-010,2.1454E-007,1.8007E-010,2.1454E-007,1.8007E-010
935,48.70000,-0.000000407,2.5683E-010,2.1409E-007,1.7933E-010,2.1409E-007,1.7933E-010
936,48.75000,-4.0617E-007,2.5577E-010,2.1365E-007,1.7859E-010,2.1365E-007,1.7859E-010
937,48.80000,-4.0534E-007,2.5471E-010,2.1322E-007,1.7785E-010,2.1322E-007,1.7785E-010
938,48.85000,-4.0451E-007,2.5366E-010,2.1278E-007,1.7712E-010,2.1278E-007,1.7712E-010
939,48.90000,-4.0368E-007,2.5262E-010,2.1234E-007,1.7639E-010,2.1234E-007,1.7639E-010
940,48.95000,-4.0286E-007,2.5158E-010,2.1191E-007,1.7566E-010,2.1191E-007,1.7566E-010
941,49.00000,-0.000000402,2.5054E-010,2.1148E-007,1.7494E-010,2.1148E-007,1.7494E-010
942,49.05000,-4.0121E-007,2.4952E-010,2.1105E-007,1.7422E-010,2.1105E-007,1.7422E-010
943,49.10000,-4.004E-007,2.4849E-010,2.1062E-007,1.7351E-010,2.1062E-007,1.7351E-010
944,49.15000,-3.9958E-007,2.4747E-010,2.1019E-007,1.728E-010,2.1019E-007,1.728E-010
945,49.20000,-3.9877E-007,2.4646E-010,2.0976E-007,1.7209E-010,2.0976E-007,1.7209E-010
946,49.25000,-0.000000398,2.4545E-010,2.0933E-007,1.7139E-010,2.0933E-007,1.7139E-010
947,49.30000,-3.9715E-007,2.4445E-010,2.0891E-007,1.7069E-010,2.0891E-007,1.7069E-010
948,49.35000,-3.9635E-007,2.4346E-010,2.0848E-007,1.6999E-010,2.0848E-007,1.6999E-010
949,49.40000,-3.9554E-007,2.4246E-010,2.0806E-007,1.693E-010,2.0806E-007,1.693E-010
950,49.45000,-3.9474E-007,2.4148E-010,2.0764E-007,1.6861E-010,2.0764E-007,1.6861E-010
951,49.50000,-3.9394E-007,2.4049E-010,2.0722E-007,1.6793E-010,2.0722E-007,1.6793E-010
952,49.55000,-3.9315E-007,2.3952E-010,2.068E-007,1.6724E-010,2.068E-007,1.6724E-010
953,49.60000,-3.9236E-007,2.3855E-010,2.0638E-007,1.6656E-010,2.0638E-007,1.6656E-010
954,49.65000,-3.9157E-007,2.3758E-010,0.000000206,1.6589E-010,0.000000206,1.6589E-010
955,49.70000,-3.9078E-007,2.3662E-010,2.0555E-007,1.6522E-010,2.0555E-007,1.6522E-010
956,49.75000,-0.00000039,2.3566E-010,2.0514E-007,1.6455E-010,2.0514E-007,1.6455E-010
957,49.80000,-3.8921E-007,2.3471E-010,2.0473E-007,1.6388E-010,2.0473E-007,1.6388E-010
958,49.85000,-3.8843E-007,2.3376E-010,2.0432E-007,1.6322E-010,2.0432E-007,1.6322E-010
959,49.90000,-3.8765E-007,2.3282E-010,2.0391E-007,1.6256E-010,2.0391E-007,1.6256E-010
960,49.95000,-3.8687E-007,2.3188E-010,2.035E-007,1.6191E-010,2.035E-007,1.6191E-010
